,location,time,fertility_rate,life_expectancy,pop_mlns
0,AUS,1960,3.5,70.9,10.275
1,AUS,1961,3.5,71.2,10.5082
2,AUS,1962,3.4,71.0,10.7005
3,AUS,1963,3.3,71.1,10.9069
4,AUS,1964,3.2,70.7,11.1216
5,AUS,1965,3.0,71.0,11.3409
6,AUS,1966,2.9,70.8,11.5995
7,AUS,1967,2.8,71.2,11.79908
8,AUS,1968,2.9,70.9,12.00863
9,AUS,1969,2.9,71.1,12.26301
10,AUS,1970,2.9,70.8,12.50735
11,AUS,1971,2.9,71.6,13.06726
12,AUS,1972,2.7,72.0,13.30366
13,AUS,1973,2.5,72.1,13.50454
14,AUS,1974,2.3,71.9,13.72257
15,AUS,1975,2.1,72.7,13.893
16,AUS,1976,2.1,72.8,14.03308
17,AUS,1977,2.0,73.4,14.19223
18,AUS,1978,1.9,73.7,14.35925
19,AUS,1979,1.9,74.3,14.51573
20,AUS,1980,1.9,74.6,14.69536
21,AUS,1981,1.9,74.9,14.92326
22,AUS,1982,1.9,74.7,15.18425
23,AUS,1983,1.9,75.5,15.39347
24,AUS,1984,1.8,75.8,15.57939
25,AUS,1985,1.9,75.6,15.78831
26,AUS,1986,1.9,76.1,16.01835
27,AUS,1987,1.8,76.3,16.26387
28,AUS,1988,1.8,76.3,16.53216
29,AUS,1989,1.8,76.5,16.81442
30,AUS,1990,1.9,77.0,17.06513
31,AUS,1991,1.8,77.4,17.28404
32,AUS,1992,1.9,77.5,17.479
33,AUS,1993,1.9,78.0,17.635
34,AUS,1994,1.8,78.0,17.805
35,AUS,1995,1.8,77.9,18.005
36,AUS,1996,1.8,78.2,18.225
37,AUS,1997,1.8,78.5,18.423
38,AUS,1998,1.8,78.7,18.608
39,AUS,1999,1.8,79.0,18.812
40,AUS,2000,1.8,79.3,19.029
41,AUS,2001,1.7,79.7,19.275
42,AUS,2002,1.8,80.0,19.495
43,AUS,2003,1.8,80.3,19.721
44,AUS,2004,1.8,80.6,19.933
45,AUS,2005,1.8,80.9,20.177
46,AUS,2006,1.9,81.1,20.451
47,AUS,2007,2.0,81.4,20.828
48,AUS,2008,2.0,81.5,21.249
49,AUS,2009,2.0,81.6,21.692
50,AUS,2010,2.0,81.8,22.032
51,AUS,2011,1.9,82.0,22.34
52,AUS,2012,1.9,82.1,22.728
53,AUS,2013,1.9,82.2,23.126
54,AUS,2014,1.8,82.4,23.491
55,AUT,1960,2.7,68.7,7.04754
56,AUT,1961,2.8,69.7,7.0863
57,AUT,1962,2.8,69.4,7.12986
58,AUT,1963,2.8,69.6,7.17581
59,AUT,1964,2.8,70.0,7.2238
60,AUT,1965,2.7,69.8,7.27089
61,AUT,1966,2.7,70.2,7.32207
62,AUT,1967,2.6,70.0,7.377
63,AUT,1968,2.6,70.2,7.4154
64,AUT,1969,2.5,69.9,7.44106
65,AUT,1970,2.3,70.0,7.46709
66,AUT,1971,2.2,70.2,7.50048
67,AUT,1972,2.1,70.6,7.5442
68,AUT,1973,1.9,71.1,7.58611
69,AUT,1974,1.9,71.1,7.59904
70,AUT,1975,1.8,71.2,7.5789
71,AUT,1976,1.7,71.7,7.56552
72,AUT,1977,1.6,72.0,7.56843
73,AUT,1978,1.6,72.1,7.5623
74,AUT,1979,1.6,72.4,7.54942
75,AUT,1980,1.7,72.6,7.54943
76,AUT,1981,1.7,72.9,7.56871
77,AUT,1982,1.7,73.1,7.57414
78,AUT,1983,1.6,73.1,7.56191
79,AUT,1984,1.5,73.7,7.56143
80,AUT,1985,1.5,73.9,7.56498
81,AUT,1986,1.4,74.4,7.56979
82,AUT,1987,1.4,74.9,7.57459
83,AUT,1988,1.4,75.3,7.58532
84,AUT,1989,1.4,75.4,7.61957
85,AUT,1990,1.5,75.7,7.67785
86,AUT,1991,1.5,75.7,7.75489
87,AUT,1992,1.5,75.9,7.84071
88,AUT,1993,1.5,76.2,7.90563
89,AUT,1994,1.5,76.5,7.93612
90,AUT,1995,1.4,76.8,7.94828
91,AUT,1996,1.4,77.0,7.95902
92,AUT,1997,1.4,77.4,7.96804
93,AUT,1998,1.4,77.8,7.97679
94,AUT,1999,1.3,78.0,7.99232
95,AUT,2000,1.4,78.2,8.01157
96,AUT,2001,1.3,78.7,8.04229
97,AUT,2002,1.4,78.8,8.08212
98,AUT,2003,1.4,78.7,8.11824
99,AUT,2004,1.4,79.3,8.16944
100,AUT,2005,1.4,79.4,8.22528
101,AUT,2006,1.4,80.0,8.26795
102,AUT,2007,1.4,80.3,8.29519
103,AUT,2008,1.4,80.5,8.32154
104,AUT,2009,1.4,80.4,8.34148
105,AUT,2010,1.4,80.7,8.36107
106,AUT,2011,1.4,81.1,8.38853
107,AUT,2012,1.4,81.0,8.42631
108,AUT,2013,1.4,81.2,8.46857
109,BEL,1960,2.5,69.8,9.15349
110,BEL,1961,2.6,70.6,9.18395
111,BEL,1962,2.6,70.3,9.22058
112,BEL,1963,2.7,70.1,9.28977
113,BEL,1964,2.7,70.9,9.37811
114,BEL,1965,2.6,70.7,9.46367
115,BEL,1966,2.5,70.8,9.52781
116,BEL,1967,2.4,71.1,9.58099
117,BEL,1968,2.3,70.8,9.61876
118,BEL,1969,2.3,70.9,9.64603
119,BEL,1970,2.3,71.1,9.65555
120,BEL,1971,2.2,71.2,9.67316
121,BEL,1972,2.1,71.5,9.71111
122,BEL,1973,2.0,71.7,9.74172
123,BEL,1974,1.8,72.1,9.77242
124,BEL,1975,1.7,72.1,9.8007
125,BEL,1976,1.7,72.2,9.81823
126,BEL,1977,1.7,72.9,9.83036
127,BEL,1978,1.7,72.8,9.83953
128,BEL,1979,1.7,73.3,9.84838
129,BEL,1980,1.7,73.3,9.85924
130,BEL,1981,1.7,73.7,9.85898
131,BEL,1982,1.6,74.0,9.8563
132,BEL,1983,1.6,74.0,9.85552
133,BEL,1984,1.5,74.5,9.85537
134,BEL,1985,1.5,74.6,9.85831
135,BEL,1986,1.5,74.8,9.86182
136,BEL,1987,1.5,75.5,9.87023
137,BEL,1988,1.6,75.7,9.90166
138,BEL,1989,1.6,75.7,9.9377
139,BEL,1990,1.6,76.1,9.96738
140,BEL,1991,1.7,76.3,10.00449
141,BEL,1992,1.6,76.5,10.04516
142,BEL,1993,1.6,76.5,10.08447
143,BEL,1994,1.5,76.8,10.1156
144,BEL,1995,1.5,77.0,10.13681
145,BEL,1996,1.6,77.3,10.15664
146,BEL,1997,1.6,77.5,10.18125
147,BEL,1998,1.6,77.6,10.20301
148,BEL,1999,1.6,77.7,10.22642
149,BEL,2000,1.6,77.8,10.25125
150,BEL,2001,1.6,78.1,10.28657
151,BEL,2002,1.6,78.2,10.33278
152,BEL,2003,1.6,78.2,10.37613
153,BEL,2004,1.7,79.0,10.42114
154,BEL,2005,1.7,79.1,10.47862
155,BEL,2006,1.8,79.5,10.54796
156,BEL,2007,1.8,79.9,10.6257
157,BEL,2008,1.9,79.8,10.70997
158,BEL,2009,1.8,80.1,10.79649
159,BEL,2010,1.8,80.3,10.92027
160,BEL,2011,1.8,80.7,11.04774
161,BEL,2012,1.8,80.5,11.12825
162,BEL,2013,1.7,80.7,11.17844
163,BEL,2014,1.7,81.4,11.22728
164,CAN,1961,3.8,71.3,18.635
165,CAN,1966,2.8,72.0,20.421
166,CAN,1971,2.2,72.9,21.962
167,CAN,1976,1.8,73.9,23.45
168,CAN,1979,1.7,75.1,24.202
169,CAN,1980,1.7,75.3,24.516
170,CAN,1981,1.7,75.5,24.82
171,CAN,1982,1.6,75.6,25.117
172,CAN,1983,1.6,75.9,25.366
173,CAN,1984,1.6,76.2,25.607
174,CAN,1985,1.6,76.3,25.842
175,CAN,1986,1.6,76.5,26.1
176,CAN,1987,1.6,76.6,26.447
177,CAN,1988,1.6,76.8,26.792
178,CAN,1989,1.7,77.0,27.277
179,CAN,1990,1.7,77.2,27.69114
180,CAN,1991,1.7,77.5,28.03742
181,CAN,1992,1.7,77.7,28.37126
182,CAN,1993,1.7,77.8,28.68476
183,CAN,1994,1.6,77.9,29.00066
184,CAN,1995,1.6,77.9,29.30231
185,CAN,1996,1.6,78.1,29.61022
186,CAN,1997,1.6,78.3,29.90595
187,CAN,1998,1.5,78.5,30.15517
188,CAN,1999,1.5,78.7,30.40129
189,CAN,2000,1.5,79.0,30.68573
190,CAN,2001,1.5,79.2,31.01902
191,CAN,2002,1.5,79.4,31.35366
192,CAN,2003,1.5,79.6,31.63967
193,CAN,2004,1.5,79.8,31.94068
194,CAN,2005,1.5,80.0,32.24521
195,CAN,2006,1.6,80.3,32.57607
196,CAN,2007,1.7,80.4,32.92752
197,CAN,2008,1.7,80.6,33.31766
198,CAN,2009,1.7,80.8,33.72691
199,CAN,2010,1.6,81.1,34.12655
200,CAN,2011,1.6,81.3,34.48398
201,CAN,2012,1.6,81.5,34.88049
202,CAN,2013,1.6,81.7,35.154
203,CAN,2014,1.6,81.8,35.54
204,CZE,1960,2.1,70.7,9.65982
205,CZE,1961,2.1,70.7,9.58802
206,CZE,1962,2.1,69.9,9.62181
207,CZE,1963,2.3,70.5,9.66874
208,CZE,1964,2.4,70.7,9.73002
209,CZE,1965,2.2,70.4,9.7851
210,CZE,1966,2.0,70.6,9.82619
211,CZE,1967,1.9,70.5,9.85424
212,CZE,1968,1.8,70.1,9.87763
213,CZE,1969,1.9,69.6,9.89669
214,CZE,1970,1.9,69.6,9.80516
215,CZE,1971,2.0,69.8,9.8306
216,CZE,1972,2.1,70.3,9.86838
217,CZE,1973,2.3,70.2,9.91952
218,CZE,1974,2.4,70.2,9.99476
219,CZE,1975,2.4,70.6,10.06237
220,CZE,1976,2.4,70.7,10.12822
221,CZE,1977,2.3,70.8,10.18931
222,CZE,1978,2.3,70.9,10.24569
223,CZE,1979,2.3,70.9,10.29649
224,CZE,1980,2.1,70.5,10.32679
225,CZE,1981,2.0,70.8,10.30321
226,CZE,1982,2.0,70.9,10.31432
227,CZE,1983,2.0,70.8,10.32282
228,CZE,1984,2.0,71.0,10.33048
229,CZE,1985,2.0,71.2,10.33674
230,CZE,1986,1.9,71.1,10.34074
231,CZE,1987,1.9,71.6,10.34883
232,CZE,1988,1.9,71.8,10.35636
233,CZE,1989,1.9,71.9,10.36226
234,CZE,1990,1.9,71.6,10.36274
235,CZE,1991,1.9,72.0,10.30868
236,CZE,1992,1.7,72.5,10.31781
237,CZE,1993,1.7,72.9,10.33061
238,CZE,1994,1.4,73.2,10.33616
239,CZE,1995,1.3,73.3,10.33076
240,CZE,1996,1.2,74.0,10.31535
241,CZE,1997,1.2,74.1,10.30364
242,CZE,1998,1.2,74.7,10.29494
243,CZE,1999,1.1,74.9,10.28278
244,CZE,2000,1.1,75.1,10.2725
245,CZE,2001,1.1,75.3,10.22419
246,CZE,2002,1.2,75.4,10.20077
247,CZE,2003,1.2,75.3,10.20165
248,CZE,2004,1.2,75.8,10.20692
249,CZE,2005,1.3,76.1,10.23409
250,CZE,2006,1.3,76.7,10.26665
251,CZE,2007,1.4,77.0,10.32269
252,CZE,2008,1.5,77.3,10.42969
253,CZE,2009,1.5,77.4,10.49149
254,CZE,2010,1.5,77.7,10.51725
255,CZE,2011,1.4,78.0,10.49667
256,CZE,2012,1.5,78.2,10.50929
257,CZE,2013,1.5,78.3,10.51072
258,CZE,2014,1.5,78.9,10.52478
259,DNK,1960,2.5,72.4,4.5796
260,DNK,1967,2.4,72.6,4.83535
261,DNK,1968,2.1,73.0,4.86488
262,DNK,1969,2.0,73.2,4.89186
263,DNK,1970,2.0,73.3,4.92876
264,DNK,1971,2.0,73.3,4.96312
265,DNK,1972,2.0,73.4,4.9916
266,DNK,1973,1.9,73.6,5.02186
267,DNK,1974,1.9,74.0,5.0453
268,DNK,1975,1.9,74.2,5.05986
269,DNK,1976,1.7,73.9,5.0726
270,DNK,1977,1.7,74.9,5.08842
271,DNK,1978,1.7,74.6,5.10425
272,DNK,1979,1.6,74.4,5.1168
273,DNK,1980,1.5,74.3,5.12303
274,DNK,1981,1.4,74.4,5.12157
275,DNK,1982,1.4,74.7,5.11781
276,DNK,1983,1.4,74.6,5.1143
277,DNK,1984,1.4,74.8,5.11162
278,DNK,1985,1.4,74.6,5.11369
279,DNK,1986,1.5,74.8,5.12053
280,DNK,1987,1.5,74.9,5.12702
281,DNK,1988,1.6,75.0,5.12952
282,DNK,1989,1.6,75.0,5.13259
283,DNK,1990,1.7,74.9,5.14094
284,DNK,1991,1.7,75.3,5.1543
285,DNK,1992,1.8,75.3,5.17137
286,DNK,1993,1.8,75.2,5.18863
287,DNK,1994,1.8,75.5,5.20618
288,DNK,1995,1.8,75.3,5.23337
289,DNK,1996,1.8,75.7,5.26307
290,DNK,1997,1.8,76.1,5.28499
291,DNK,1998,1.7,76.5,5.30422
292,DNK,1999,1.7,76.6,5.3218
293,DNK,2000,1.8,76.9,5.33962
294,DNK,2001,1.7,77.0,5.35878
295,DNK,2002,1.7,77.1,5.37593
296,DNK,2003,1.8,77.4,5.39057
297,DNK,2004,1.8,77.8,5.40452
298,DNK,2005,1.8,78.3,5.41943
299,DNK,2006,1.8,78.4,5.43727
300,DNK,2007,1.8,78.4,5.46144
301,DNK,2008,1.9,78.8,5.49362
302,DNK,2009,1.8,79.0,5.5231
303,DNK,2010,1.9,79.3,5.54768
304,DNK,2011,1.8,79.9,5.57057
305,DNK,2012,1.7,80.1,5.59157
306,DNK,2013,1.7,80.4,5.61493
307,FIN,1960,2.7,69.0,4.43
308,FIN,1963,2.7,69.0,4.523
309,FIN,1968,2.1,69.8,4.626
310,FIN,1970,1.8,70.8,4.606
311,FIN,1971,1.7,70.1,4.612
312,FIN,1972,1.6,70.7,4.64
313,FIN,1973,1.5,71.2,4.666
314,FIN,1974,1.6,71.2,4.691
315,FIN,1975,1.7,71.7,4.712
316,FIN,1976,1.7,72.0,4.726
317,FIN,1977,1.7,72.4,4.739
318,FIN,1978,1.7,73.0,4.753
319,FIN,1979,1.6,73.2,4.765
320,FIN,1980,1.6,73.6,4.779
321,FIN,1981,1.6,73.9,4.8
322,FIN,1982,1.7,74.6,4.827
323,FIN,1983,1.7,74.4,4.856
324,FIN,1984,1.7,74.8,4.882
325,FIN,1985,1.6,74.5,4.902
326,FIN,1986,1.6,74.8,4.918
327,FIN,1987,1.6,74.8,4.932
328,FIN,1988,1.7,74.8,4.947
329,FIN,1989,1.7,75.0,4.964
330,FIN,1990,1.8,75.0,4.986
331,FIN,1991,1.8,75.5,5.014
332,FIN,1992,1.9,75.7,5.042
333,FIN,1993,1.8,75.8,5.066
334,FIN,1994,1.9,76.6,5.088
335,FIN,1995,1.8,76.6,5.108
336,FIN,1996,1.8,76.9,5.125
337,FIN,1997,1.8,77.1,5.14
338,FIN,1998,1.7,77.3,5.153
339,FIN,1999,1.7,77.5,5.165
340,FIN,2000,1.7,77.7,5.176
341,FIN,2001,1.7,78.2,5.188
342,FIN,2002,1.7,78.3,5.201
343,FIN,2003,1.8,78.5,5.213
344,FIN,2004,1.8,79.0,5.228
345,FIN,2005,1.8,79.1,5.246
346,FIN,2006,1.8,79.5,5.267
347,FIN,2007,1.8,79.6,5.289
348,FIN,2008,1.9,79.9,5.313
349,FIN,2009,1.9,80.1,5.339
350,FIN,2010,1.9,80.2,5.363
351,FIN,2011,1.8,80.6,5.388
352,FIN,2012,1.8,80.7,5.414
353,FIN,2013,1.8,81.1,5.439
354,FIN,2014,1.7,81.3,5.472
355,FRA,1960,2.7,70.3,45.68423
356,FRA,1961,2.8,71.0,46.16283
357,FRA,1962,2.8,70.5,46.9977
358,FRA,1963,2.9,70.5,47.81622
359,FRA,1964,2.9,71.4,48.31041
360,FRA,1965,2.8,71.3,48.7578
361,FRA,1966,2.8,71.5,49.16366
362,FRA,1967,2.7,71.5,49.5483
363,FRA,1968,2.6,71.5,49.9154
364,FRA,1969,2.5,71.3,50.31798
365,FRA,1970,2.5,72.2,50.77223
366,FRA,1971,2.5,72.1,51.25109
367,FRA,1972,2.4,72.4,51.70091
368,FRA,1973,2.3,72.5,52.1183
369,FRA,1974,2.1,72.8,52.46036
370,FRA,1975,1.9,73.0,52.69917
371,FRA,1976,1.8,73.2,52.90867
372,FRA,1977,1.9,73.8,53.14529
373,FRA,1978,1.8,73.9,53.37632
374,FRA,1979,1.9,74.2,53.60623
375,FRA,1980,1.9,74.3,53.88001
376,FRA,1981,1.9,74.5,54.18182
377,FRA,1982,1.9,74.8,54.49249
378,FRA,1983,1.8,74.8,54.77242
379,FRA,1984,1.8,75.3,55.02608
380,FRA,1985,1.8,75.4,55.28427
381,FRA,1986,1.8,75.7,55.54651
382,FRA,1987,1.8,76.3,55.82396
383,FRA,1988,1.8,76.6,56.11798
384,FRA,1989,1.8,76.7,56.42341
385,FRA,1990,1.8,77.0,56.70883
386,FRA,1991,1.8,77.2,56.9756
387,FRA,1992,1.7,77.5,57.23985
388,FRA,1993,1.7,77.6,57.46709
389,FRA,1994,1.7,78.0,57.65877
390,FRA,1995,1.7,78.1,57.84425
391,FRA,1996,1.7,78.3,58.02599
392,FRA,1997,1.7,78.6,58.20749
393,FRA,1998,1.8,78.8,58.39779
394,FRA,1999,1.8,78.9,58.67741
395,FRA,2000,1.9,79.2,59.06239
396,FRA,2001,1.9,79.3,59.47623
397,FRA,2002,1.9,79.4,59.89387
398,FRA,2003,1.9,79.3,60.30363
399,FRA,2004,1.9,80.3,60.73434
400,FRA,2005,1.9,80.4,61.1815
401,FRA,2006,2.0,81.0,61.59748
402,FRA,2007,2.0,81.2,61.96505
403,FRA,2008,2.0,81.4,62.30029
404,FRA,2009,2.0,81.5,62.61547
405,FRA,2010,2.0,81.8,62.91779
406,FRA,2011,2.0,82.3,63.22316
407,FRA,2012,2.0,82.1,63.514
408,FRA,2013,2.0,82.3,63.78614
409,FRA,2014,2.0,82.8,64.06225
410,DEU,1960,2.4,69.1,55.585
411,DEU,1961,2.4,69.7,56.175
412,DEU,1962,2.4,69.9,56.837
413,DEU,1963,2.5,70.0,57.389
414,DEU,1964,2.5,70.6,57.971
415,DEU,1965,2.5,70.5,58.619
416,DEU,1966,2.5,70.6,59.148
417,DEU,1967,2.5,70.9,59.286
418,DEU,1968,2.4,70.5,59.5
419,DEU,1969,2.2,70.3,60.067
420,DEU,1970,2.0,70.6,60.651
421,DEU,1971,2.0,70.8,61.302
422,DEU,1972,1.7,71.0,61.672
423,DEU,1973,1.6,71.3,61.976
424,DEU,1974,1.5,71.5,62.054
425,DEU,1975,1.5,71.4,61.829
426,DEU,1976,1.5,71.8,61.531
427,DEU,1977,1.5,72.5,61.4
428,DEU,1978,1.5,72.4,61.327
429,DEU,1979,1.5,72.8,61.359
430,DEU,1980,1.6,72.9,61.566
431,DEU,1981,1.5,73.2,61.682
432,DEU,1982,1.5,73.5,61.638
433,DEU,1983,1.4,73.8,61.423
434,DEU,1984,1.4,74.3,61.175
435,DEU,1985,1.4,74.4,61.024
436,DEU,1986,1.4,74.6,61.066
437,DEU,1987,1.4,75.0,61.077
438,DEU,1988,1.5,75.2,61.45
439,DEU,1989,1.4,75.4,62.063
440,DEU,1990,1.5,75.3,63.254
441,DEU,1991,1.3,75.5,79.984
442,DEU,1992,1.3,76.0,80.595
443,DEU,1993,1.3,76.1,81.179
444,DEU,1994,1.2,76.4,81.422
445,DEU,1995,1.2,76.6,81.661
446,DEU,1996,1.3,76.9,81.895
447,DEU,1997,1.4,77.3,82.052
448,DEU,1998,1.4,77.7,82.029
449,DEU,1999,1.4,77.9,82.024
450,DEU,2000,1.4,78.2,82.16
451,DEU,2001,1.3,78.5,82.277
452,DEU,2002,1.3,78.5,82.456
453,DEU,2003,1.3,78.6,82.502
454,DEU,2004,1.4,79.2,82.491
455,DEU,2005,1.3,79.4,82.465
456,DEU,2006,1.3,79.8,82.369
457,DEU,2007,1.4,80.1,82.257
458,DEU,2008,1.4,80.2,82.135
459,DEU,2009,1.4,80.3,81.904
460,DEU,2010,1.4,80.5,81.715
461,DEU,2011,1.4,80.5,80.249
462,DEU,2012,1.4,80.6,80.413
463,DEU,2013,1.4,80.6,80.611
464,DEU,2014,1.5,81.2,80.896
465,GRC,1961,2.1,72.0,8.39805
466,GRC,1962,2.2,71.7,8.44823
467,GRC,1963,2.1,72.0,8.47962
468,GRC,1964,2.2,71.9,8.51043
469,GRC,1965,2.3,72.4,8.55033
470,GRC,1966,2.3,72.6,8.61365
471,GRC,1967,2.5,72.3,8.68409
472,GRC,1968,2.4,72.4,8.74076
473,GRC,1969,2.4,73.0,8.77276
474,GRC,1970,2.4,73.8,8.79281
475,GRC,1971,2.3,74.2,8.83104
476,GRC,1972,2.3,73.8,8.88863
477,GRC,1973,2.3,74.1,8.92909
478,GRC,1974,2.4,74.6,8.96202
479,GRC,1975,2.3,74.5,9.04654
480,GRC,1976,2.4,74.5,9.18815
481,GRC,1977,2.3,74.7,9.30848
482,GRC,1978,2.3,75.2,9.42996
483,GRC,1979,2.3,75.5,9.54826
484,GRC,1980,2.2,75.3,9.6425
485,GRC,1981,2.1,75.7,9.72935
486,GRC,1982,2.0,75.9,9.78951
487,GRC,1983,1.9,75.7,9.84663
488,GRC,1984,1.8,76.2,9.8958
489,GRC,1985,1.7,76.0,9.9343
490,GRC,1986,1.6,76.5,9.96721
491,GRC,1987,1.5,76.3,10.00059
492,GRC,1988,1.5,76.8,10.03698
493,GRC,1989,1.4,77.0,10.0895
494,GRC,1990,1.4,77.1,10.1569
495,GRC,1991,1.4,77.3,10.25629
496,GRC,1992,1.4,77.2,10.36987
497,GRC,1993,1.3,77.6,10.46553
498,GRC,1994,1.3,77.8,10.55304
499,GRC,1995,1.3,77.8,10.63438
500,GRC,1996,1.3,78.0,10.70917
501,GRC,1997,1.3,78.4,10.7765
502,GRC,1998,1.2,78.4,10.83488
503,GRC,1999,1.2,78.5,10.88258
504,GRC,2000,1.3,78.6,10.91748
505,GRC,2001,1.3,79.1,10.95
506,GRC,2002,1.3,79.2,10.983
507,GRC,2003,1.3,79.3,11.016
508,GRC,2004,1.3,79.4,11.057
509,GRC,2005,1.3,79.7,11.093
510,GRC,2006,1.4,79.9,11.131
511,GRC,2007,1.4,79.7,11.163
512,GRC,2008,1.5,80.3,11.186
513,GRC,2009,1.5,80.4,11.185
514,GRC,2010,1.5,80.7,11.153
515,GRC,2011,1.4,80.8,11.124
516,GRC,2012,1.3,80.7,11.09
517,HUN,1960,2.0,68.1,9.984
518,HUN,1961,1.9,69.0,10.028
519,HUN,1962,1.8,67.9,10.061
520,HUN,1963,1.8,69.0,10.088
521,HUN,1964,1.8,69.5,10.12
522,HUN,1965,1.8,69.1,10.148
523,HUN,1966,1.9,69.9,10.179
524,HUN,1967,2.0,69.5,10.217
525,HUN,1968,2.1,69.3,10.256
526,HUN,1969,2.0,69.4,10.294
527,HUN,1970,2.0,69.2,10.338
528,HUN,1971,1.9,69.1,10.368
529,HUN,1972,1.9,69.8,10.398
530,HUN,1973,2.0,69.6,10.432
531,HUN,1974,2.3,69.3,10.479
532,HUN,1975,2.4,69.4,10.541
533,HUN,1976,2.3,69.7,10.599
534,HUN,1977,2.2,70.0,10.648
535,HUN,1978,2.1,69.5,10.685
536,HUN,1979,2.0,69.7,10.711
537,HUN,1980,1.9,69.2,10.711
538,HUN,1981,1.9,69.3,10.712
539,HUN,1982,1.8,69.5,10.706
540,HUN,1983,1.7,69.1,10.689
541,HUN,1984,1.7,69.2,10.668
542,HUN,1985,1.8,69.2,10.649
543,HUN,1986,1.8,69.3,10.631
544,HUN,1987,1.8,69.8,10.613
545,HUN,1988,1.8,70.2,10.596
546,HUN,1989,1.8,69.6,10.578
547,HUN,1990,1.8,69.5,10.374
548,HUN,1991,1.9,69.6,10.373
549,HUN,1992,1.8,69.4,10.369
550,HUN,1993,1.7,69.4,10.358
551,HUN,1994,1.6,69.8,10.343
552,HUN,1995,1.6,70.1,10.329
553,HUN,1996,1.5,70.7,10.311
554,HUN,1997,1.4,71.1,10.29
555,HUN,1998,1.3,71.1,10.267
556,HUN,1999,1.3,71.2,10.238
557,HUN,2000,1.3,71.9,10.211
558,HUN,2001,1.3,72.5,10.188
559,HUN,2002,1.3,72.5,10.159
560,HUN,2003,1.3,72.6,10.13
561,HUN,2004,1.3,73.0,10.107
562,HUN,2005,1.3,73.0,10.087
563,HUN,2006,1.4,73.5,10.071
564,HUN,2007,1.3,73.6,10.056
565,HUN,2008,1.4,74.2,10.038
566,HUN,2009,1.3,74.4,10.023
567,HUN,2010,1.3,74.7,10.0
568,HUN,2011,1.2,75.0,9.972
569,HUN,2012,1.3,75.2,9.92
570,HUN,2013,1.3,75.7,9.893
571,HUN,2014,1.4,75.9,9.863
572,ISL,1961,3.9,73.6,0.1789
573,ISL,1962,4.0,73.8,0.1821
574,ISL,1963,4.0,73.2,0.1855
575,ISL,1964,3.9,73.6,0.1888
576,ISL,1965,3.7,73.9,0.1923
577,ISL,1966,3.6,73.4,0.1956
578,ISL,1967,3.3,73.9,0.1988
579,ISL,1968,3.1,74.1,0.2015
580,ISL,1969,3.0,73.8,0.2034
581,ISL,1970,2.8,74.0,0.2045
582,ISL,1971,2.9,73.7,0.2062
583,ISL,1972,3.1,74.5,0.2092
584,ISL,1973,2.9,74.6,0.2123
585,ISL,1974,2.7,74.6,0.2152
586,ISL,1975,2.6,75.7,0.218
587,ISL,1976,2.5,77.1,0.2202
588,ISL,1977,2.3,76.5,0.2218
589,ISL,1978,2.3,76.7,0.2235
590,ISL,1980,2.5,77.0,0.2281
591,ISL,1981,2.3,76.6,0.2308
592,ISL,1982,2.3,77.1,0.234
593,ISL,1983,2.2,77.0,0.237
594,ISL,1984,2.1,77.7,0.2395
595,ISL,1985,1.9,77.7,0.2414
596,ISL,1986,1.9,78.1,0.2432
597,ISL,1987,2.1,77.4,0.246
598,ISL,1988,2.3,77.2,0.2499
599,ISL,1989,2.2,78.2,0.2527
600,ISL,1990,2.3,78.1,0.2548
601,ISL,1991,2.2,78.1,0.258
602,ISL,1992,2.2,78.8,0.2611
603,ISL,1993,2.2,79.0,0.2638
604,ISL,1994,2.1,79.3,0.266
605,ISL,1995,2.1,78.1,0.2674
606,ISL,1996,2.1,78.9,0.2689
607,ISL,1997,2.0,79.0,0.2709
608,ISL,1998,2.0,79.7,0.2738
609,ISL,1999,2.0,79.4,0.2772
610,ISL,2000,2.1,79.7,0.2812
611,ISL,2001,1.9,80.8,0.28505
612,ISL,2002,1.9,80.6,0.28756
613,ISL,2003,2.0,81.0,0.28927
614,ISL,2004,2.0,81.1,0.29259
615,ISL,2005,2.1,81.6,0.29586
616,ISL,2006,2.1,81.2,0.30433
617,ISL,2007,2.1,81.5,0.3114
618,ISL,2008,2.1,81.7,0.31936
619,ISL,2009,2.2,81.8,0.31925
620,ISL,2010,2.2,82.0,0.31801
621,ISL,2011,2.0,82.4,0.31901
622,ISL,2012,2.0,83.0,0.32072
623,ISL,2013,1.9,82.1,0.32376
624,ISL,2014,1.9,82.9,0.32739
625,IRL,1960,3.8,70.0,2.8321
626,IRL,1970,3.9,71.2,2.9499
627,IRL,1978,3.2,71.5,3.314
628,IRL,1979,3.2,72.3,3.3682
629,IRL,1980,3.2,72.9,3.401
630,IRL,1981,3.1,72.9,3.4434
631,IRL,1982,3.0,72.9,3.48
632,IRL,1985,2.5,73.4,3.54
633,IRL,1986,2.4,73.6,3.5406
634,IRL,1987,2.3,74.5,3.5465
635,IRL,1988,2.2,74.5,3.5307
636,IRL,1989,2.1,74.5,3.5095
637,IRL,1990,2.1,74.9,3.5058
638,IRL,1991,2.1,75.1,3.5257
639,IRL,1992,2.0,75.5,3.5545
640,IRL,1993,1.9,75.3,3.5741
641,IRL,1994,1.9,75.9,3.5859
642,IRL,1995,1.9,75.6,3.6013
643,IRL,1996,1.9,75.9,3.6261
644,IRL,1997,1.9,76.1,3.6643
645,IRL,1998,2.0,76.3,3.7031
646,IRL,1999,1.9,76.2,3.7416
647,IRL,2000,1.9,76.6,3.7895
648,IRL,2001,2.0,77.2,3.8472
649,IRL,2002,2.0,77.7,3.9172
650,IRL,2003,2.0,78.2,3.9799
651,IRL,2004,2.0,78.6,4.0452
652,IRL,2005,1.9,79.0,4.1338
653,IRL,2006,1.9,79.3,4.2329
654,IRL,2007,2.0,79.7,4.3758
655,IRL,2008,2.1,80.2,4.4851
656,IRL,2009,2.1,80.3,4.5334
657,IRL,2010,2.1,80.8,4.5548
658,IRL,2011,2.0,80.8,4.5749
659,IRL,2012,2.0,80.9,4.5854
660,IRL,2013,2.0,81.0,4.5931
661,IRL,2014,2.0,81.4,4.6099
662,ITA,1961,2.4,69.8,49.156
663,ITA,1971,2.4,72.0,53.124
664,ITA,1974,2.3,72.6,54.39
665,ITA,1975,2.2,72.7,54.764
666,ITA,1976,2.1,72.8,55.07
667,ITA,1977,2.0,73.4,55.266
668,ITA,1978,1.9,73.8,55.446
669,ITA,1979,1.8,74.1,55.602
670,ITA,1980,1.7,74.0,55.657
671,ITA,1981,1.6,74.3,55.774
672,ITA,1982,1.6,74.7,55.995
673,ITA,1983,1.5,74.8,56.228
674,ITA,1984,1.5,75.0,56.344
675,ITA,1985,1.4,75.6,56.498
676,ITA,1986,1.4,75.9,56.576
677,ITA,1987,1.4,76.3,56.664
678,ITA,1988,1.4,76.5,56.763
679,ITA,1989,1.3,76.9,56.837
680,ITA,1990,1.4,77.1,56.737
681,ITA,1991,1.3,77.1,56.76
682,ITA,1992,1.3,77.5,56.859
683,ITA,1993,1.3,77.8,56.44193
684,ITA,1994,1.2,78.0,56.62339
685,ITA,1995,1.2,78.3,56.74459
686,ITA,1996,1.2,78.6,56.82645
687,ITA,1997,1.2,78.9,56.94104
688,ITA,1998,1.2,79.1,57.04037
689,ITA,1999,1.2,79.5,57.078
690,ITA,2000,1.3,79.9,57.189
691,ITA,2001,1.3,80.2,57.348
692,ITA,2002,1.3,80.3,57.474
693,ITA,2003,1.3,80.1,57.478
694,ITA,2004,1.3,80.9,57.29746
695,ITA,2005,1.3,80.9,57.71593
696,ITA,2006,1.4,81.4,57.98418
697,ITA,2007,1.4,81.5,58.27189
698,ITA,2008,1.4,81.6,58.73968
699,ITA,2009,1.4,81.7,59.14009
700,ITA,2010,1.4,82.1,59.41965
701,ITA,2011,1.4,82.3,59.65969
702,ITA,2012,1.4,82.3,59.89803
703,ITA,2013,1.4,82.8,60.22473
704,ITA,2014,1.4,83.2,60.44791
705,JPN,1960,2.0,67.8,93.419
706,JPN,1961,2.0,68.4,94.285
707,JPN,1962,2.0,68.7,95.178
708,JPN,1963,2.0,69.8,96.156
709,JPN,1964,2.1,70.3,97.186
710,JPN,1965,2.1,70.3,98.275
711,JPN,1966,1.6,71.0,99.054
712,JPN,1967,2.2,71.5,100.243
713,JPN,1968,2.1,71.7,101.408
714,JPN,1969,2.1,71.9,102.648
715,JPN,1970,2.1,72.0,103.72
716,JPN,1971,2.2,72.9,105.014
717,JPN,1972,2.1,73.2,107.332
718,JPN,1973,2.1,73.4,108.71
719,JPN,1974,2.1,73.7,110.049
720,JPN,1975,1.9,74.3,111.94
721,JPN,1976,1.9,74.8,113.089
722,JPN,1977,1.8,75.3,114.154
723,JPN,1978,1.8,75.7,115.174
724,JPN,1979,1.8,76.2,116.133
725,JPN,1980,1.8,76.1,117.06
726,JPN,1981,1.7,76.5,117.884
727,JPN,1982,1.8,76.9,118.693
728,JPN,1983,1.8,77.0,119.483
729,JPN,1984,1.8,77.4,120.235
730,JPN,1985,1.8,77.6,121.049
731,JPN,1986,1.7,78.1,121.672
732,JPN,1987,1.7,78.5,122.264
733,JPN,1988,1.7,78.4,122.783
734,JPN,1989,1.6,78.8,123.255
735,JPN,1990,1.5,78.9,123.611
736,JPN,1991,1.5,79.1,124.043
737,JPN,1992,1.5,79.2,124.452
738,JPN,1993,1.5,79.4,124.764
739,JPN,1994,1.5,79.8,125.034
740,JPN,1995,1.4,79.6,125.57
741,JPN,1996,1.4,80.3,125.864
742,JPN,1997,1.4,80.5,126.166
743,JPN,1998,1.4,80.6,126.4864
744,JPN,1999,1.3,80.5,126.686
745,JPN,2000,1.4,81.2,126.926
746,JPN,2001,1.3,81.5,127.291
747,JPN,2002,1.3,81.8,127.435
748,JPN,2003,1.3,81.8,127.619
749,JPN,2004,1.3,82.1,127.687
750,JPN,2005,1.3,82.0,127.768
751,JPN,2006,1.3,82.4,127.77
752,JPN,2007,1.3,82.6,127.771
753,JPN,2008,1.4,82.7,127.692
754,JPN,2009,1.4,83.0,127.51
755,JPN,2010,1.4,82.9,128.057
756,JPN,2011,1.4,82.7,127.799
757,JPN,2012,1.4,83.2,127.515
758,JPN,2013,1.4,83.4,127.298
759,KOR,1970,4.5,62.3,32.24083
760,KOR,1971,4.5,62.7,32.8827
761,KOR,1972,4.1,63.1,33.50541
762,KOR,1973,4.1,63.5,34.10315
763,KOR,1974,3.8,63.9,34.69227
764,KOR,1975,3.4,64.3,35.28073
765,KOR,1976,3.0,64.6,35.84852
766,KOR,1977,3.0,65.0,36.4118
767,KOR,1978,2.6,65.3,36.96918
768,KOR,1979,2.9,65.6,37.53423
769,KOR,1980,2.8,66.1,38.12377
770,KOR,1981,2.6,66.7,38.72325
771,KOR,1982,2.4,67.2,39.32635
772,KOR,1983,2.1,67.7,39.9104
773,KOR,1984,1.7,68.3,40.40596
774,KOR,1985,1.7,68.9,40.80574
775,KOR,1986,1.6,69.5,41.21368
776,KOR,1987,1.5,70.1,41.62169
777,KOR,1988,1.6,70.7,42.03125
778,KOR,1989,1.6,71.2,42.44904
779,KOR,1990,1.6,71.7,42.86928
780,KOR,1991,1.7,72.2,43.2957
781,KOR,1992,1.8,72.6,43.74796
782,KOR,1993,1.7,73.1,44.19463
783,KOR,1994,1.7,73.5,44.64154
784,KOR,1995,1.6,73.8,45.09299
785,KOR,1996,1.6,74.2,45.52468
786,KOR,1997,1.5,74.7,45.95358
787,KOR,1998,1.4,75.1,46.2865
788,KOR,1999,1.4,75.5,46.61668
789,KOR,2000,1.5,76.0,47.00811
790,KOR,2001,1.3,76.5,47.35736
791,KOR,2002,1.2,76.8,47.62218
792,KOR,2003,1.2,77.3,47.85931
793,KOR,2004,1.2,77.8,48.03941
794,KOR,2005,1.1,78.2,48.13808
795,KOR,2006,1.1,78.8,48.37195
796,KOR,2007,1.3,79.2,48.59765
797,KOR,2008,1.2,79.6,48.9487
798,KOR,2009,1.1,80.0,49.18204
799,KOR,2010,1.2,80.2,49.41037
800,KOR,2011,1.2,80.6,49.77944
801,KOR,2012,1.3,80.9,50.00444
802,KOR,2013,1.2,81.4,50.22
803,KOR,2014,1.2,81.8,50.424
804,LUX,1960,2.3,69.4,0.31397
805,LUX,1971,2.0,69.7,0.34242
806,LUX,1972,1.8,70.9,0.3466
807,LUX,1973,1.6,70.8,0.35045
808,LUX,1974,1.6,70.8,0.35505
809,LUX,1975,1.6,70.8,0.35895
810,LUX,1976,1.5,70.8,0.36073
811,LUX,1977,1.5,72.2,0.36136
812,LUX,1978,1.5,72.1,0.36201
813,LUX,1979,1.5,72.8,0.36286
814,LUX,1980,1.5,72.8,0.36415
815,LUX,1981,1.6,72.6,0.36522
816,LUX,1982,1.5,72.7,0.36552
817,LUX,1983,1.4,73.5,0.36562
818,LUX,1984,1.4,73.3,0.366
819,LUX,1985,1.4,73.8,0.36671
820,LUX,1986,1.4,74.7,0.36836
821,LUX,1987,1.4,74.3,0.37075
822,LUX,1988,1.5,75.0,0.37345
823,LUX,1989,1.5,74.8,0.3771
824,LUX,1990,1.6,75.6,0.38185
825,LUX,1991,1.6,75.7,0.387
826,LUX,1992,1.7,75.3,0.39218
827,LUX,1993,1.7,75.9,0.39748
828,LUX,1994,1.7,76.6,0.40292
829,LUX,1995,1.7,76.8,0.40862
830,LUX,1996,1.8,76.8,0.41422
831,LUX,1997,1.7,77.0,0.41945
832,LUX,1998,1.7,77.3,0.4247
833,LUX,1999,1.7,77.9,0.43048
834,LUX,2000,1.8,78.0,0.4363
835,LUX,2001,1.7,77.9,0.4415
836,LUX,2002,1.6,78.1,0.4462
837,LUX,2003,1.6,77.8,0.45
838,LUX,2004,1.7,79.2,0.455
839,LUX,2005,1.6,79.5,0.4612
840,LUX,2006,1.6,79.4,0.4691
841,LUX,2007,1.6,79.5,0.4762
842,LUX,2008,1.6,80.6,0.4838
843,LUX,2009,1.6,80.7,0.4935
844,LUX,2010,1.6,80.7,0.5021
845,LUX,2011,1.5,81.1,0.5118
846,LUX,2012,1.6,81.5,0.5249
847,LUX,2013,1.6,81.9,0.537
848,LUX,2014,1.5,82.3,0.5497
849,MEX,1970,6.7,60.9,50.78524
850,MEX,1971,6.6,62.4,52.34549
851,MEX,1972,6.5,63.1,53.94499
852,MEX,1973,6.4,63.7,55.57468
853,MEX,1974,6.2,64.2,57.2322
854,MEX,1975,5.9,64.7,58.9102
855,MEX,1976,5.7,65.2,60.60077
856,MEX,1977,5.4,65.7,62.29748
857,MEX,1978,5.2,66.1,63.99456
858,MEX,1979,4.9,66.6,65.68927
859,MEX,1980,4.7,67.2,67.38423
860,MEX,1981,4.5,67.7,69.08197
861,MEX,1982,4.3,68.2,70.78277
862,MEX,1983,4.2,68.6,72.47754
863,MEX,1984,4.0,69.1,74.15733
864,MEX,1985,3.9,69.5,75.82015
865,MEX,1986,3.8,69.9,77.46854
866,MEX,1987,3.7,70.2,79.10466
867,MEX,1988,3.6,70.6,80.73296
868,MEX,1989,3.5,70.8,82.35509
869,MEX,1990,3.4,70.5,83.97102
870,MEX,1991,3.3,70.9,85.58334
871,MEX,1992,3.2,71.3,87.18483
872,MEX,1993,3.1,71.7,88.75202
873,MEX,1994,3.0,72.0,90.26577
874,MEX,1995,3.0,72.3,91.72453
875,MEX,1996,2.9,72.5,93.13009
876,MEX,1997,2.8,72.8,94.47805
877,MEX,1998,2.8,73.0,95.79013
878,MEX,1999,2.7,73.2,97.11483
879,MEX,2000,2.6,73.3,98.43855
880,MEX,2001,2.6,73.5,99.71552
881,MEX,2002,2.6,73.6,100.9094
882,MEX,2003,2.5,73.8,101.9996
883,MEX,2004,2.5,73.9,103.0019
884,MEX,2005,2.5,74.0,107.151
885,MEX,2006,2.4,74.1,108.4088
886,MEX,2007,2.4,74.2,109.7874
887,MEX,2008,2.3,74.1,111.299
888,MEX,2009,2.3,74.0,112.8526
889,MEX,2010,2.3,74.1,114.2556
890,MEX,2011,2.3,74.2,115.6829
891,MEX,2012,2.2,74.4,117.0538
892,MEX,2013,2.2,74.6,118.3951
893,MEX,2014,2.2,74.8,119.713
894,NLD,1960,3.1,73.5,11.48663
895,NLD,1961,3.2,73.8,11.63871
896,NLD,1962,3.2,73.4,11.80569
897,NLD,1963,3.2,73.4,11.96597
898,NLD,1964,3.2,73.8,12.12712
899,NLD,1965,3.0,73.6,12.29473
900,NLD,1966,2.9,73.6,12.45625
901,NLD,1967,2.8,73.9,12.5982
902,NLD,1968,2.7,73.7,12.72972
903,NLD,1969,2.7,73.6,12.87798
904,NLD,1970,2.6,73.7,13.03853
905,NLD,1971,2.4,73.9,13.1945
906,NLD,1972,2.2,73.8,13.32859
907,NLD,1973,1.9,74.2,13.43932
908,NLD,1974,1.8,74.6,13.54506
909,NLD,1975,1.7,74.6,13.66633
910,NLD,1976,1.6,74.7,13.77404
911,NLD,1977,1.6,75.3,13.85618
912,NLD,1978,1.6,75.3,13.9417
913,NLD,1979,1.6,75.7,14.03827
914,NLD,1980,1.6,75.9,14.1498
915,NLD,1981,1.6,76.0,14.24721
916,NLD,1982,1.5,76.1,14.31269
917,NLD,1983,1.5,76.3,14.36707
918,NLD,1984,1.5,76.4,14.42421
919,NLD,1985,1.5,76.5,14.49163
920,NLD,1986,1.6,76.4,14.57228
921,NLD,1987,1.6,76.9,14.66504
922,NLD,1988,1.5,77.1,14.76009
923,NLD,1989,1.6,76.9,14.84891
924,NLD,1990,1.6,77.0,14.95151
925,NLD,1991,1.6,77.2,15.0698
926,NLD,1992,1.6,77.4,15.18417
927,NLD,1993,1.6,77.1,15.29037
928,NLD,1994,1.6,77.5,15.38284
929,NLD,1995,1.5,77.6,15.45901
930,NLD,1996,1.5,77.6,15.5305
931,NLD,1997,1.6,78.0,15.61065
932,NLD,1998,1.6,78.0,15.70721
933,NLD,1999,1.7,77.9,15.81209
934,NLD,2000,1.7,78.2,15.92551
935,NLD,2001,1.7,78.3,16.04618
936,NLD,2002,1.7,78.4,16.14893
937,NLD,2003,1.7,78.7,16.2253
938,NLD,2004,1.7,79.2,16.28178
939,NLD,2005,1.7,79.5,16.31987
940,NLD,2006,1.7,79.9,16.3461
941,NLD,2007,1.7,80.3,16.3817
942,NLD,2008,1.8,80.5,16.44559
943,NLD,2009,1.8,80.8,16.53039
944,NLD,2010,1.8,81.0,16.61539
945,NLD,2011,1.8,81.3,16.69307
946,NLD,2012,1.7,81.2,16.75496
947,NLD,2013,1.7,81.4,16.80443
948,NZL,1961,4.3,71.1,2.427
949,NZL,1962,4.2,71.2,2.485
950,NZL,1963,4.1,71.2,2.537
951,NZL,1964,3.8,71.2,2.589
952,NZL,1965,3.5,71.2,2.635
953,NZL,1966,3.4,71.3,2.683
954,NZL,1967,3.3,71.4,2.728
955,NZL,1968,3.3,71.4,2.754
956,NZL,1969,3.3,71.5,2.78
957,NZL,1970,3.2,71.5,2.82
958,NZL,1971,3.2,71.6,2.864
959,NZL,1972,3.0,71.7,2.913
960,NZL,1973,2.8,71.8,2.971
961,NZL,1974,2.6,72.0,3.032
962,NZL,1975,2.4,72.1,3.087
963,NZL,1976,2.3,72.3,3.116
964,NZL,1977,2.2,72.5,3.128
965,NZL,1978,2.1,72.7,3.129
966,NZL,1979,2.1,72.9,3.124
967,NZL,1980,2.0,73.2,3.144
968,NZL,1981,2.0,73.4,3.157
969,NZL,1982,1.9,73.6,3.183
970,NZL,1983,1.9,73.7,3.226
971,NZL,1984,1.9,73.8,3.258
972,NZL,1985,1.9,74.0,3.272
973,NZL,1986,2.0,74.1,3.277
974,NZL,1987,2.0,74.5,3.304
975,NZL,1988,2.1,74.8,3.317
976,NZL,1989,2.1,75.2,3.33
977,NZL,1990,2.2,75.5,3.363
978,NZL,1991,2.1,75.8,3.4951
979,NZL,1992,2.1,76.1,3.5317
980,NZL,1993,2.0,76.3,3.5722
981,NZL,1994,2.0,76.6,3.62
982,NZL,1995,2.0,76.8,3.6734
983,NZL,1996,2.0,77.1,3.732
984,NZL,1997,2.0,77.4,3.7813
985,NZL,1998,1.9,77.7,3.815
986,NZL,1999,2.0,78.1,3.8351
987,NZL,2000,2.0,78.4,3.8577
988,NZL,2001,2.0,78.7,3.8805
989,NZL,2002,1.9,79.0,3.9485
990,NZL,2003,1.9,79.3,4.0272
991,NZL,2004,2.0,79.6,4.0875
992,NZL,2005,2.0,79.8,4.1339
993,NZL,2006,2.0,80.1,4.1846
994,NZL,2007,2.2,80.3,4.2238
995,NZL,2008,2.2,80.5,4.2598
996,NZL,2009,2.1,80.7,4.3026
997,NZL,2010,2.2,80.8,4.3507
998,NZL,2011,2.1,81.0,4.384
999,NZL,2012,2.1,81.2,4.4081
1000,NZL,2013,2.0,81.4,4.4421
1001,NZL,2014,1.9,81.5,4.5097
1002,NOR,1960,2.9,73.8,3.585
1003,NOR,1961,2.9,73.8,3.615
1004,NOR,1962,2.9,73.7,3.639
1005,NOR,1963,2.9,73.4,3.667
1006,NOR,1964,3.0,73.9,3.694
1007,NOR,1965,2.9,74.0,3.723
1008,NOR,1966,2.9,74.3,3.753
1009,NOR,1967,2.8,74.3,3.785
1010,NOR,1968,2.8,74.2,3.819
1011,NOR,1969,2.7,74.0,3.851
1012,NOR,1970,2.5,74.4,3.879
1013,NOR,1971,2.5,74.4,3.903
1014,NOR,1972,2.4,74.6,3.933
1015,NOR,1973,2.2,74.7,3.961
1016,NOR,1974,2.1,75.1,3.985
1017,NOR,1975,2.0,75.1,4.007
1018,NOR,1976,1.9,75.3,4.026
1019,NOR,1977,1.8,75.7,4.043
1020,NOR,1978,1.8,75.8,4.059
1021,NOR,1979,1.8,75.8,4.073
1022,NOR,1980,1.7,75.9,4.086
1023,NOR,1981,1.7,76.1,4.1
1024,NOR,1982,1.7,76.2,4.115
1025,NOR,1983,1.7,76.3,4.128
1026,NOR,1984,1.7,76.4,4.14
1027,NOR,1985,1.7,76.1,4.153
1028,NOR,1986,1.7,76.5,4.169
1029,NOR,1987,1.7,76.3,4.187
1030,NOR,1988,1.8,76.4,4.209
1031,NOR,1989,1.9,76.7,4.227
1032,NOR,1990,1.9,76.7,4.241
1033,NOR,1991,1.9,77.1,4.262
1034,NOR,1992,1.9,77.4,4.287
1035,NOR,1993,1.9,77.3,4.312
1036,NOR,1994,1.9,77.9,4.337
1037,NOR,1995,1.9,77.9,4.35898
1038,NOR,1996,1.9,78.3,4.38134
1039,NOR,1997,1.9,78.3,4.40516
1040,NOR,1998,1.8,78.5,4.43146
1041,NOR,1999,1.8,78.4,4.462
1042,NOR,2000,1.9,78.8,4.491
1043,NOR,2001,1.8,78.9,4.514
1044,NOR,2002,1.8,79.0,4.538
1045,NOR,2003,1.8,79.6,4.564
1046,NOR,2004,1.8,80.1,4.59191
1047,NOR,2005,1.8,80.3,4.62329
1048,NOR,2006,1.9,80.6,4.661
1049,NOR,2007,1.9,80.6,4.709
1050,NOR,2008,2.0,80.8,4.768
1051,NOR,2009,2.0,81.0,4.82873
1052,NOR,2010,1.9,81.2,4.889
1053,NOR,2011,1.9,81.4,4.953
1054,NOR,2012,1.9,81.5,5.019
1055,NOR,2013,1.8,81.8,5.08
1056,NOR,2014,1.8,82.2,5.137
1057,POL,1960,3.0,67.8,29.561
1058,POL,1961,2.8,67.8,29.965
1059,POL,1962,2.7,67.5,30.324
1060,POL,1963,2.7,68.5,30.691
1061,POL,1964,2.6,68.7,31.161
1062,POL,1965,2.5,69.5,31.496
1063,POL,1966,2.3,69.9,31.698
1064,POL,1967,2.3,69.5,31.944
1065,POL,1968,2.2,70.3,32.305
1066,POL,1969,2.2,69.8,32.555
1067,POL,1970,2.2,70.0,32.526
1068,POL,1971,2.3,69.7,32.805
1069,POL,1972,2.2,70.7,33.068
1070,POL,1973,2.3,70.7,33.363
1071,POL,1974,2.3,71.2,33.691
1072,POL,1975,2.3,70.6,34.022
1073,POL,1976,2.3,70.7,34.362
1074,POL,1977,2.2,70.5,34.698
1075,POL,1978,2.2,70.4,35.01
1076,POL,1979,2.3,70.9,35.257
1077,POL,1980,2.3,70.2,35.578
1078,POL,1981,2.2,71.2,35.902
1079,POL,1982,2.3,71.2,36.227
1080,POL,1983,2.4,71.1,36.571
1081,POL,1984,2.4,70.9,36.914
1082,POL,1985,2.3,71.1,37.203
1083,POL,1986,2.2,71.0,37.456
1084,POL,1987,2.2,71.5,37.664
1085,POL,1988,2.1,71.5,37.862
1086,POL,1989,2.1,71.2,37.937
1087,POL,1990,2.0,70.8,38.031
1088,POL,1991,2.0,70.5,38.109
1089,POL,1992,1.9,71.1,38.173
1090,POL,1993,1.8,71.6,38.221
1091,POL,1994,1.7,71.8,38.252
1092,POL,1995,1.5,72.1,38.275
1093,POL,1996,1.5,72.4,38.289
1094,POL,1997,1.5,72.8,38.292
1095,POL,1998,1.4,73.2,38.283
1096,POL,1999,1.4,73.2,38.27
1097,POL,2000,1.4,73.8,38.256
1098,POL,2001,1.3,74.2,38.251
1099,POL,2002,1.2,74.6,38.232
1100,POL,2003,1.2,74.7,38.195
1101,POL,2004,1.2,74.9,38.18
1102,POL,2005,1.2,75.1,38.161
1103,POL,2006,1.3,75.3,38.132
1104,POL,2007,1.3,75.4,38.116
1105,POL,2008,1.4,75.7,38.116
1106,POL,2009,1.4,75.8,38.153
1107,POL,2010,1.4,76.5,38.517
1108,POL,2011,1.3,76.8,38.526
1109,POL,2012,1.3,76.9,38.534
1110,POL,2013,1.3,77.1,38.502
1111,POL,2014,1.3,77.7,38.484
1112,PRT,1960,3.1,63.9,8.85772
1113,PRT,1961,3.2,62.7,8.92932
1114,PRT,1962,3.2,64.1,8.99398
1115,PRT,1963,3.1,64.7,9.03036
1116,PRT,1964,3.2,64.9,9.03536
1117,PRT,1965,3.1,65.8,8.9986
1118,PRT,1966,3.1,65.2,8.93099
1119,PRT,1967,3.1,66.0,8.87452
1120,PRT,1968,3.0,66.4,8.83665
1121,PRT,1969,3.0,65.9,8.7577
1122,PRT,1970,2.8,66.7,8.68043
1123,PRT,1971,2.8,66.4,8.64376
1124,PRT,1972,2.7,68.4,8.63043
1125,PRT,1973,2.7,67.5,8.6331
1126,PRT,1974,2.6,68.1,8.75436
1127,PRT,1975,2.6,68.4,9.09347
1128,PRT,1976,2.6,69.0,9.35581
1129,PRT,1977,2.5,70.1,9.45567
1130,PRT,1978,2.3,70.5,9.55825
1131,PRT,1979,2.2,71.3,9.66126
1132,PRT,1980,2.2,71.4,9.76631
1133,PRT,1981,2.1,71.7,9.85136
1134,PRT,1982,2.1,72.5,9.91177
1135,PRT,1983,2.0,72.4,9.95786
1136,PRT,1984,1.9,72.7,9.99623
1137,PRT,1985,1.7,73.0,10.02361
1138,PRT,1986,1.7,73.4,10.03273
1139,PRT,1987,1.6,73.8,10.03003
1140,PRT,1988,1.6,73.8,10.01961
1141,PRT,1989,1.6,74.4,10.005
1142,PRT,1990,1.6,74.1,9.98322
1143,PRT,1991,1.6,74.1,9.96024
1144,PRT,1992,1.5,74.7,9.95249
1145,PRT,1993,1.5,74.6,9.96467
1146,PRT,1994,1.4,75.5,9.99152
1147,PRT,1995,1.4,75.4,10.02618
1148,PRT,1996,1.4,75.3,10.06394
1149,PRT,1997,1.5,75.8,10.10898
1150,PRT,1998,1.5,76.0,10.1602
1151,PRT,1999,1.5,76.3,10.21783
1152,PRT,2000,1.6,76.9,10.2899
1153,PRT,2001,1.5,77.2,10.36272
1154,PRT,2002,1.5,77.4,10.41963
1155,PRT,2003,1.4,77.5,10.45882
1156,PRT,2004,1.4,78.4,10.48386
1157,PRT,2005,1.4,78.2,10.50333
1158,PRT,2006,1.4,79.0,10.52229
1159,PRT,2007,1.4,79.2,10.54296
1160,PRT,2008,1.4,79.5,10.55818
1161,PRT,2009,1.4,79.7,10.56825
1162,PRT,2010,1.4,80.0,10.5731
1163,PRT,2011,1.4,80.6,10.55756
1164,PRT,2012,1.3,80.5,10.51484
1165,PRT,2013,1.2,80.8,10.45729
1166,SVK,1960,3.1,70.3,4.06809
1167,SVK,1961,3.0,70.9,4.19167
1168,SVK,1962,2.8,70.4,4.23819
1169,SVK,1963,2.9,70.8,4.28202
1170,SVK,1964,2.9,71.2,4.32734
1171,SVK,1965,2.8,70.4,4.37098
1172,SVK,1966,2.7,70.6,4.41167
1173,SVK,1967,2.5,71.2,4.44937
1174,SVK,1968,2.4,70.7,4.48391
1175,SVK,1969,2.4,70.1,4.51861
1176,SVK,1970,2.4,70.0,4.53822
1177,SVK,1971,2.4,70.0,4.55745
1178,SVK,1972,2.5,70.5,4.59662
1179,SVK,1973,2.6,70.1,4.64144
1180,SVK,1974,2.6,70.3,4.68962
1181,SVK,1975,2.5,70.5,4.73911
1182,SVK,1976,2.5,70.6,4.78951
1183,SVK,1977,2.5,70.6,4.8405
1184,SVK,1978,2.5,70.6,4.89012
1185,SVK,1979,2.4,70.9,4.93897
1186,SVK,1980,2.3,70.6,4.97982
1187,SVK,1981,2.3,70.9,5.01611
1188,SVK,1982,2.3,71.0,5.0551
1189,SVK,1983,2.3,70.7,5.09197
1190,SVK,1984,2.3,71.0,5.1271
1191,SVK,1985,2.3,71.0,5.16177
1192,SVK,1986,2.2,71.2,5.19384
1193,SVK,1987,2.1,71.4,5.22284
1194,SVK,1988,2.1,71.5,5.2506
1195,SVK,1989,2.1,71.3,5.27594
1196,SVK,1990,2.1,71.2,5.29919
1197,SVK,1991,2.0,71.2,5.30329
1198,SVK,1992,2.0,71.6,5.30502
1199,SVK,1993,1.9,72.1,5.3253
1200,SVK,1994,1.7,72.5,5.34633
1201,SVK,1995,1.5,72.5,5.362
1202,SVK,1996,1.5,72.9,5.37336
1203,SVK,1997,1.4,72.9,5.38329
1204,SVK,1998,1.4,72.8,5.39052
1205,SVK,1999,1.3,73.2,5.39602
1206,SVK,2000,1.3,73.4,5.38872
1207,SVK,2001,1.2,73.6,5.37887
1208,SVK,2002,1.2,73.8,5.37691
1209,SVK,2003,1.2,73.8,5.37337
1210,SVK,2004,1.2,74.2,5.37228
1211,SVK,2005,1.3,74.2,5.37281
1212,SVK,2006,1.2,74.4,5.37305
1213,SVK,2007,1.3,74.5,5.37462
1214,SVK,2008,1.3,75.0,5.37923
1215,SVK,2009,1.4,75.3,5.3864
1216,SVK,2010,1.4,75.6,5.39143
1217,SVK,2011,1.5,76.1,5.39838
1218,SVK,2012,1.3,76.2,5.40758
1219,SVK,2013,1.3,76.5,5.41595
1220,ESP,1960,2.9,69.8,30.256
1221,ESP,1970,2.9,72.0,33.75282
1222,ESP,1975,2.8,73.4,35.68771
1223,ESP,1976,2.8,73.7,36.11804
1224,ESP,1977,2.7,74.2,36.56384
1225,ESP,1978,2.6,74.4,36.97147
1226,ESP,1979,2.4,74.9,37.28901
1227,ESP,1980,2.2,75.4,37.52691
1228,ESP,1981,2.0,75.7,37.76446
1229,ESP,1982,1.9,76.3,37.98711
1230,ESP,1983,1.8,76.0,38.16026
1231,ESP,1984,1.7,76.4,38.32524
1232,ESP,1985,1.6,76.4,38.46702
1233,ESP,1986,1.6,76.7,38.57194
1234,ESP,1987,1.5,76.9,38.68232
1235,ESP,1988,1.5,76.9,38.76431
1236,ESP,1989,1.4,77.0,38.82138
1237,ESP,1990,1.4,77.0,38.86083
1238,ESP,1991,1.3,77.1,38.94162
1239,ESP,1992,1.3,77.6,39.14794
1240,ESP,1993,1.3,77.7,39.35608
1241,ESP,1994,1.2,78.1,39.54735
1242,ESP,1995,1.2,78.1,39.71889
1243,ESP,1996,1.2,78.3,39.88425
1244,ESP,1997,1.2,78.8,40.04997
1245,ESP,1998,1.2,78.9,40.21407
1246,ESP,1999,1.2,78.8,40.36967
1247,ESP,2000,1.2,79.3,40.55439
1248,ESP,2001,1.2,79.8,40.76605
1249,ESP,2002,1.3,79.9,41.42352
1250,ESP,2003,1.3,79.7,42.19623
1251,ESP,2004,1.3,80.4,42.85917
1252,ESP,2005,1.3,80.3,43.66261
1253,ESP,2006,1.4,81.1,44.36052
1254,ESP,2007,1.4,81.2,45.236
1255,ESP,2008,1.5,81.5,45.98317
1256,ESP,2009,1.4,81.9,46.36755
1257,ESP,2010,1.4,82.4,46.56248
1258,ESP,2011,1.3,82.6,46.73626
1259,ESP,2012,1.3,82.5,46.7664
1260,ESP,2013,1.3,83.2,46.59323
1261,ESP,2014,1.3,83.3,46.46405
1262,SWE,1960,2.2,73.1,7.48466
1263,SWE,1961,2.2,73.5,7.52
1264,SWE,1962,2.3,73.4,7.56159
1265,SWE,1963,2.3,73.6,7.60433
1266,SWE,1964,2.5,73.8,7.66135
1267,SWE,1965,2.4,73.9,7.73385
1268,SWE,1966,2.4,74.2,7.8078
1269,SWE,1967,2.3,74.2,7.86793
1270,SWE,1968,2.1,74.1,7.91227
1271,SWE,1969,1.9,74.2,7.96807
1272,SWE,1970,1.9,74.8,8.0428
1273,SWE,1971,2.0,74.8,8.09833
1274,SWE,1972,1.9,74.8,8.1223
1275,SWE,1973,1.9,75.0,8.13631
1276,SWE,1974,1.9,75.1,8.15996
1277,SWE,1975,1.8,75.2,8.19244
1278,SWE,1976,1.7,75.1,8.22229
1279,SWE,1977,1.6,75.6,8.25154
1280,SWE,1978,1.6,75.7,8.2756
1281,SWE,1979,1.7,75.7,8.29368
1282,SWE,1980,1.7,75.9,8.31053
1283,SWE,1981,1.6,76.2,8.3205
1284,SWE,1982,1.6,76.5,8.32526
1285,SWE,1983,1.6,76.7,8.32903
1286,SWE,1984,1.7,77.0,8.3366
1287,SWE,1985,1.7,76.8,8.35039
1288,SWE,1986,1.8,77.1,8.36983
1289,SWE,1987,1.8,77.3,8.3978
1290,SWE,1988,2.0,77.1,8.43649
1291,SWE,1989,2.0,77.8,8.49296
1292,SWE,1990,2.1,77.7,8.55883
1293,SWE,1991,2.1,77.9,8.61737
1294,SWE,1992,2.1,78.2,8.66807
1295,SWE,1993,2.0,78.2,8.71856
1296,SWE,1994,1.9,78.9,8.78074
1297,SWE,1995,1.7,79.0,8.82694
1298,SWE,1996,1.6,79.2,8.841
1299,SWE,1997,1.5,79.4,8.84606
1300,SWE,1998,1.5,79.5,8.85097
1301,SWE,1999,1.5,79.6,8.85787
1302,SWE,2000,1.5,79.7,8.87211
1303,SWE,2001,1.6,79.9,8.89596
1304,SWE,2002,1.7,79.9,8.92496
1305,SWE,2003,1.7,80.3,8.95823
1306,SWE,2004,1.8,80.6,8.99353
1307,SWE,2005,1.8,80.7,9.02957
1308,SWE,2006,1.9,81.0,9.0805
1309,SWE,2007,1.9,81.1,9.14809
1310,SWE,2008,1.9,81.3,9.21964
1311,SWE,2009,1.9,81.5,9.29851
1312,SWE,2010,2.0,81.6,9.37813
1313,SWE,2011,1.9,81.9,9.44921
1314,SWE,2012,1.9,81.8,9.51937
1315,SWE,2013,1.9,82.0,9.609
1316,CHE,1960,2.4,71.4,5.32783
1317,CHE,1961,2.5,71.8,5.43429
1318,CHE,1962,2.6,71.3,5.57382
1319,CHE,1963,2.7,71.3,5.69425
1320,CHE,1964,2.7,72.2,5.78923
1321,CHE,1965,2.6,72.3,5.85647
1322,CHE,1966,2.5,72.5,5.918
1323,CHE,1967,2.4,72.8,5.99178
1324,CHE,1968,2.3,72.7,6.06771
1325,CHE,1969,2.2,72.7,6.13639
1326,CHE,1970,2.1,73.1,6.18088
1327,CHE,1971,2.0,73.3,6.21341
1328,CHE,1972,1.9,73.8,6.26096
1329,CHE,1973,1.8,74.1,6.30735
1330,CHE,1974,1.7,74.4,6.34141
1331,CHE,1975,1.6,74.8,6.33863
1332,CHE,1976,1.5,74.9,6.3025
1333,CHE,1977,1.5,75.4,6.28118
1334,CHE,1978,1.5,75.4,6.28174
1335,CHE,1979,1.5,75.7,6.29436
1336,CHE,1980,1.6,75.7,6.31941
1337,CHE,1981,1.5,75.9,6.35407
1338,CHE,1982,1.6,76.2,6.39131
1339,CHE,1983,1.5,76.2,6.41877
1340,CHE,1984,1.5,76.9,6.44186
1341,CHE,1985,1.5,77.0,6.47037
1342,CHE,1986,1.5,77.1,6.50412
1343,CHE,1987,1.5,77.5,6.54511
1344,CHE,1988,1.6,77.5,6.59339
1345,CHE,1989,1.6,77.7,6.64691
1346,CHE,1990,1.6,77.5,6.71227
1347,CHE,1991,1.6,77.8,6.79998
1348,CHE,1992,1.6,78.0,6.87536
1349,CHE,1993,1.5,78.4,6.93826
1350,CHE,1994,1.5,78.6,6.9938
1351,CHE,1995,1.5,78.7,7.04069
1352,CHE,1996,1.5,79.1,7.07185
1353,CHE,1997,1.5,79.3,7.08891
1354,CHE,1998,1.5,79.6,7.11
1355,CHE,1999,1.5,79.8,7.14399
1356,CHE,2000,1.5,79.9,7.18425
1357,CHE,2001,1.4,80.4,7.22665
1358,CHE,2002,1.4,80.6,7.28475
1359,CHE,2003,1.4,80.6,7.339
1360,CHE,2004,1.4,81.2,7.38962
1361,CHE,2005,1.4,81.4,7.43712
1362,CHE,2006,1.4,81.7,7.48393
1363,CHE,2007,1.5,82.0,7.55112
1364,CHE,2008,1.5,82.2,7.64768
1365,CHE,2009,1.5,82.3,7.74383
1366,CHE,2010,1.5,82.6,7.82797
1367,CHE,2011,1.5,82.8,7.9124
1368,CHE,2012,1.5,82.8,7.99686
1369,CHE,2013,1.5,82.9,8.14
1370,TUR,1960,6.4,48.3,27.506
1371,TUR,1961,6.3,49.0,28.227
1372,TUR,1962,6.3,49.7,28.931
1373,TUR,1963,6.2,50.3,29.652
1374,TUR,1964,6.0,51.0,30.391
1375,TUR,1965,5.8,51.6,31.149
1376,TUR,1966,5.7,52.2,31.936
1377,TUR,1967,5.5,52.9,32.75
1378,TUR,1968,5.3,53.4,33.586
1379,TUR,1969,5.2,53.8,34.443
1380,TUR,1970,5.0,54.2,35.321
1381,TUR,1971,5.0,54.6,36.215
1382,TUR,1972,5.0,55.0,37.133
1383,TUR,1973,5.6,55.4,38.073
1384,TUR,1974,5.5,55.7,39.037
1385,TUR,1975,5.3,56.1,40.026
1386,TUR,1976,5.2,56.5,40.916
1387,TUR,1977,4.9,56.9,41.769
1388,TUR,1978,5.1,57.3,42.641
1389,TUR,1979,4.8,57.7,43.531
1390,TUR,1980,4.6,58.1,44.439
1391,TUR,1981,4.4,58.5,45.54
1392,TUR,1982,4.2,58.9,46.688
1393,TUR,1983,4.1,59.7,47.864
1394,TUR,1984,3.9,60.9,49.07
1395,TUR,1985,3.8,62.1,50.307
1396,TUR,1986,3.6,63.2,51.48
1397,TUR,1987,3.4,64.4,52.37
1398,TUR,1988,3.3,65.2,53.268
1399,TUR,1989,3.4,65.7,54.192
1400,TUR,1990,3.1,67.5,55.12
1401,TUR,1991,3.0,67.8,56.055
1402,TUR,1992,2.9,68.2,56.986
1403,TUR,1993,2.9,68.5,57.913
1404,TUR,1994,2.8,68.9,58.837
1405,TUR,1995,2.8,69.3,59.756
1406,TUR,1996,2.7,69.7,60.671
1407,TUR,1997,2.6,70.1,61.582
1408,TUR,1998,2.6,70.3,62.464
1409,TUR,1999,2.5,70.7,63.364
1410,TUR,2000,2.3,71.1,64.26875
1411,TUR,2001,2.4,71.5,65.16633
1412,TUR,2002,2.2,71.9,66.00251
1413,TUR,2003,2.1,72.3,66.79455
1414,TUR,2004,2.1,72.7,67.59873
1415,TUR,2005,2.1,73.1,68.43538
1416,TUR,2006,2.1,73.4,69.29525
1417,TUR,2007,2.2,73.7,70.15811
1418,TUR,2008,2.2,73.9,71.05168
1419,TUR,2009,2.1,74.1,72.0392
1420,TUR,2010,2.1,74.3,73.14215
1421,TUR,2011,2.0,74.6,74.22363
1422,TUR,2012,2.1,74.6,75.17583
1423,TUR,2013,2.1,78.0,76.05462
1424,TUR,2014,2.2,78.0,76.90287
1425,GBR,1960,2.7,70.8,52.373
1426,GBR,1961,2.8,70.7,52.807
1427,GBR,1970,2.4,71.9,55.632
1428,GBR,1971,2.4,71.9,55.928
1429,GBR,1980,1.9,73.2,56.33
1430,GBR,1981,1.8,73.8,56.357
1431,GBR,1982,1.8,74.1,56.291
1432,GBR,1983,1.8,74.3,56.316
1433,GBR,1984,1.8,74.5,56.409
1434,GBR,1985,1.8,74.7,56.554
1435,GBR,1986,1.8,74.8,56.684
1436,GBR,1987,1.8,75.2,56.804
1437,GBR,1988,1.8,75.3,56.916
1438,GBR,1989,1.8,75.4,57.076
1439,GBR,1990,1.8,75.7,57.237
1440,GBR,1991,1.8,75.9,57.439
1441,GBR,1992,1.8,76.3,57.585
1442,GBR,1993,1.8,76.2,57.714
1443,GBR,1994,1.7,76.8,57.862
1444,GBR,1995,1.7,76.7,58.025
1445,GBR,1996,1.7,76.9,58.164
1446,GBR,1997,1.7,77.2,58.314
1447,GBR,1998,1.7,77.3,58.475
1448,GBR,1999,1.7,77.5,58.684
1449,GBR,2000,1.6,77.9,58.886
1450,GBR,2001,1.6,78.2,59.113
1451,GBR,2002,1.6,78.3,58.56963
1452,GBR,2003,1.7,78.4,58.83895
1453,GBR,2004,1.8,79.0,59.14912
1454,GBR,2005,1.8,79.2,59.59104
1455,GBR,2006,1.8,79.5,60.00257
1456,GBR,2007,1.9,79.7,60.48182
1457,GBR,2008,1.9,79.8,60.98238
1458,GBR,2009,1.9,80.4,61.42372
1459,GBR,2010,1.9,80.6,61.91464
1460,GBR,2011,1.9,81.0,62.4352
1461,GBR,2012,1.9,81.0,62.8588
1462,GBR,2013,1.8,81.1,63.23794
1463,GBR,2014,1.8,81.4,63.65001
1464,USA,1960,3.7,69.9,180.6712
1465,USA,1961,3.6,70.4,183.6915
1466,USA,1962,3.5,70.2,186.5377
1467,USA,1963,3.3,70.0,189.2418
1468,USA,1964,3.2,70.3,191.8888
1469,USA,1965,2.9,70.3,194.303
1470,USA,1966,2.7,70.3,196.5603
1471,USA,1967,2.6,70.7,198.7121
1472,USA,1968,2.5,70.4,200.706
1473,USA,1969,2.5,70.6,202.677
1474,USA,1970,2.5,70.9,205.0522
1475,USA,1971,2.3,71.2,207.6607
1476,USA,1972,2.0,71.3,209.896
1477,USA,1973,1.9,71.5,211.9088
1478,USA,1974,1.8,72.1,213.8539
1479,USA,1975,1.8,72.7,215.9732
1480,USA,1976,1.7,73.0,218.0352
1481,USA,1977,1.8,73.4,220.2394
1482,USA,1978,1.8,73.5,222.5845
1483,USA,1979,1.8,73.9,225.0555
1484,USA,1980,1.8,73.7,227.2247
1485,USA,1981,1.8,74.1,229.4657
1486,USA,1982,1.8,74.5,231.6645
1487,USA,1983,1.8,74.6,233.792
1488,USA,1984,1.8,74.7,235.8249
1489,USA,1985,1.8,74.7,237.9238
1490,USA,1986,1.8,74.7,240.1329
1491,USA,1987,1.9,74.9,242.2889
1492,USA,1988,1.9,74.9,244.499
1493,USA,1989,2.0,75.1,246.8192
1494,USA,1990,2.1,75.3,249.6228
1495,USA,1991,2.1,75.5,252.9809
1496,USA,1992,2.0,75.7,256.5142
1497,USA,1993,2.0,75.5,259.9186
1498,USA,1994,2.0,75.7,263.1258
1499,USA,1995,2.0,75.7,266.2784
1500,USA,1996,2.0,76.1,269.3943
1501,USA,1997,2.0,76.5,272.6469
1502,USA,1998,2.0,76.7,275.8541
1503,USA,1999,2.0,76.7,279.0402
1504,USA,2000,2.1,76.7,282.1624
1505,USA,2001,2.0,76.9,284.969
1506,USA,2002,2.0,77.0,287.6252
1507,USA,2003,2.0,77.1,290.1079
1508,USA,2004,2.0,77.6,292.8053
1509,USA,2005,2.1,77.6,295.5166
1510,USA,2006,2.1,77.8,298.3799
1511,USA,2007,2.1,78.1,301.2312
1512,USA,2008,2.1,78.1,304.094
1513,USA,2009,2.0,78.5,306.7715
1514,USA,2010,1.9,78.6,309.3471
1515,USA,2011,1.9,78.7,311.7216
1516,USA,2012,1.9,78.8,314.1121
1517,USA,2013,1.9,78.8,316.498
1518,USA,2014,1.9,78.9,318.857
1519,BRA,1960,6.1,54.3,69.717
1520,BRA,1961,6.0,54.8,71.818
1521,BRA,1962,6.0,55.3,73.969
1522,BRA,1963,5.9,55.8,76.169
1523,BRA,1964,5.8,56.3,78.414
1524,BRA,1965,5.7,56.8,80.703
1525,BRA,1966,5.6,57.3,83.033
1526,BRA,1967,5.5,57.8,85.402
1527,BRA,1968,5.3,58.3,87.807
1528,BRA,1969,5.2,58.8,90.246
1529,BRA,1970,5.0,59.2,92.716
1530,BRA,1971,4.9,59.6,95.215
1531,BRA,1972,4.8,60.0,97.741
1532,BRA,1973,4.6,60.3,100.291
1533,BRA,1974,4.6,60.6,102.861
1534,BRA,1975,4.5,60.9,105.45
1535,BRA,1976,4.4,61.1,108.054
1536,BRA,1977,4.3,61.3,110.671
1537,BRA,1978,4.2,61.6,113.297
1538,BRA,1979,4.2,61.8,115.929
1539,BRA,1980,4.1,62.1,118.5625
1540,BRA,1981,4.0,62.4,121.3813
1541,BRA,1982,3.9,62.7,124.2508
1542,BRA,1983,3.7,63.0,127.1404
1543,BRA,1984,3.6,63.3,130.0825
1544,BRA,1985,3.5,63.6,132.9993
1545,BRA,1986,3.4,64.0,135.8143
1546,BRA,1987,3.2,64.3,138.5859
1547,BRA,1988,3.1,64.7,141.313
1548,BRA,1989,3.0,65.1,143.9973
1549,BRA,1990,2.9,65.4,146.5926
1550,BRA,1991,2.8,65.8,149.0943
1551,BRA,1992,2.8,66.3,151.5468
1552,BRA,1993,2.7,66.7,153.9856
1553,BRA,1994,2.6,67.2,156.431
1554,BRA,1995,2.6,67.7,158.875
1555,BRA,1996,2.5,68.2,161.3232
1556,BRA,1997,2.5,68.7,163.7798
1557,BRA,1998,2.4,69.2,166.2521
1558,BRA,1999,2.4,69.7,168.7535
1559,BRA,2000,2.3,70.1,171.2799
1560,BRA,2001,2.2,70.6,172.7424
1561,BRA,2002,2.2,70.9,175.0766
1562,BRA,2003,2.1,71.3,177.3603
1563,BRA,2004,2.0,71.6,183.4393
1564,BRA,2005,2.0,71.9,185.6514
1565,BRA,2006,1.9,72.2,187.8518
1566,BRA,2007,1.9,72.5,189.9539
1567,BRA,2008,1.9,72.8,191.9998
1568,BRA,2009,1.8,73.1,193.9951
1569,BRA,2010,1.8,73.4,193.2526
1570,BRA,2011,1.8,73.6,197.8253
1571,BRA,2012,1.8,73.9,199.6889
1572,BRA,2013,1.8,74.2,201.4671
1573,CHL,1970,4.0,62.3,9.56963
1574,CHL,1990,2.6,72.9,13.17878
1575,CHL,1991,2.6,74.0,13.42201
1576,CHL,1992,2.6,74.5,13.66524
1577,CHL,1993,2.5,74.5,13.90847
1578,CHL,1994,2.4,75.0,14.15171
1579,CHL,1995,2.4,74.8,14.39494
1580,CHL,1996,2.3,75.2,14.5955
1581,CHL,1997,2.2,75.7,14.79608
1582,CHL,1998,2.2,75.8,14.99665
1583,CHL,1999,2.1,76.0,15.19721
1584,CHL,2000,2.1,76.8,15.39778
1585,CHL,2001,2.0,76.8,15.57168
1586,CHL,2002,1.9,77.2,15.66827
1587,CHL,2003,1.9,77.2,15.83784
1588,CHL,2004,1.9,77.2,16.00167
1589,CHL,2005,1.8,77.6,16.16532
1590,CHL,2006,1.8,78.0,16.33217
1591,CHL,2007,1.9,77.5,16.50487
1592,CHL,2008,1.9,78.1,16.68685
1593,CHL,2009,1.9,78.2,16.87677
1594,CHL,2010,1.9,78.0,17.06614
1595,CHL,2011,1.9,78.7,17.25553
1596,CHL,2012,1.8,78.7,17.4448
1597,CHL,2013,1.8,79.5,17.63158
1598,CHL,2014,1.9,79.7,17.81905
1599,CHN,1960,5.7,43.4,650.7126
1600,CHN,1961,5.9,43.7,660.735
1601,CHN,1962,6.1,44.4,671.1549
1602,CHN,1963,6.2,45.6,682.6161
1603,CHN,1964,6.3,47.2,695.9187
1604,CHN,1965,6.4,49.2,711.5829
1605,CHN,1966,6.4,51.3,729.2626
1606,CHN,1967,6.3,53.5,749.1154
1607,CHN,1968,6.1,55.5,770.5073
1608,CHN,1969,5.9,57.2,792.5192
1609,CHN,1970,5.6,58.7,814.4229
1610,CHN,1971,5.3,59.9,835.6502
1611,CHN,1972,5.0,61.0,856.5981
1612,CHN,1973,4.6,61.9,876.8586
1613,CHN,1974,4.2,62.8,895.9727
1614,CHN,1975,3.8,63.6,913.6462
1615,CHN,1976,3.5,64.3,929.4601
1616,CHN,1977,3.2,65.0,943.7886
1617,CHN,1978,2.9,65.6,957.1787
1618,CHN,1979,2.8,66.1,970.4154
1619,CHN,1980,2.6,66.6,984.1217
1620,CHN,1981,2.6,67.0,998.0024
1621,CHN,1982,2.6,67.3,1012.373
1622,CHN,1983,2.6,67.7,1027.641
1623,CHN,1984,2.6,67.9,1044.253
1624,CHN,1985,2.7,68.2,1062.446
1625,CHN,1986,2.7,68.4,1082.005
1626,CHN,1987,2.7,68.6,1103.076
1627,CHN,1988,2.6,68.8,1124.793
1628,CHN,1989,2.5,68.9,1145.942
1629,CHN,1990,2.4,69.1,1165.429
1630,CHN,1991,2.2,69.2,1183.008
1631,CHN,1992,2.0,69.4,1198.875
1632,CHN,1993,1.9,69.6,1213.104
1633,CHN,1994,1.7,69.7,1225.922
1634,CHN,1995,1.6,70.0,1237.531
1635,CHN,1996,1.6,70.2,1247.897
1636,CHN,1997,1.5,70.6,1257.022
1637,CHN,1998,1.5,70.9,1265.223
1638,CHN,1999,1.5,71.3,1272.915
1639,CHN,2000,1.5,71.8,1280.429
1640,CHN,2001,1.5,72.2,1287.891
1641,CHN,2002,1.5,72.7,1295.322
1642,CHN,2003,1.5,73.1,1302.81
1643,CHN,2004,1.6,73.5,1310.414
1644,CHN,2005,1.6,73.8,1318.177
1645,CHN,2006,1.6,74.1,1326.146
1646,CHN,2007,1.6,74.4,1334.344
1647,CHN,2008,1.6,74.6,1342.733
1648,CHN,2009,1.6,74.8,1351.248
1649,CHN,2010,1.6,75.0,1359.822
1650,CHN,2011,1.6,75.2,1368.44
1651,CHN,2012,1.6,75.4,1377.065
1652,CHN,2013,1.6,75.6,1385.567
1653,EST,1960,2.0,68.9,1.21154
1654,EST,1961,2.0,69.2,1.22508
1655,EST,1962,2.0,69.4,1.24162
1656,EST,1963,1.9,69.5,1.25886
1657,EST,1964,1.9,70.3,1.27709
1658,EST,1965,1.9,70.3,1.29457
1659,EST,1966,1.9,70.4,1.3086
1660,EST,1967,1.9,70.6,1.31895
1661,EST,1968,2.0,70.2,1.33121
1662,EST,1969,2.1,69.9,1.34525
1663,EST,1970,2.2,70.0,1.36008
1664,EST,1971,2.2,70.3,1.37696
1665,EST,1972,2.1,70.1,1.39252
1666,EST,1973,2.1,70.4,1.40595
1667,EST,1974,2.1,70.5,1.41817
1668,EST,1975,2.0,69.9,1.42935
1669,EST,1976,2.1,69.5,1.43958
1670,EST,1977,2.1,69.6,1.45021
1671,EST,1978,2.0,69.4,1.46019
1672,EST,1979,2.0,69.2,1.46833
1673,EST,1980,2.0,69.3,1.47722
1674,EST,1981,2.1,69.1,1.48767
1675,EST,1982,2.1,69.7,1.49841
1676,EST,1983,2.2,69.6,1.50874
1677,EST,1984,2.2,69.5,1.51862
1678,EST,1985,2.1,69.6,1.52878
1679,EST,1986,2.2,70.7,1.54019
1680,EST,1987,2.3,70.7,1.55222
1681,EST,1988,2.3,70.8,1.5619
1682,EST,1989,2.2,70.3,1.56813
1683,EST,1990,2.1,69.8,1.56917
1684,EST,1991,1.8,69.7,1.56131
1685,EST,1992,1.7,69.1,1.53309
1686,EST,1993,1.5,68.2,1.49413
1687,EST,1994,1.4,66.8,1.46251
1688,EST,1995,1.4,67.9,1.43663
1689,EST,1996,1.4,69.9,1.41559
1690,EST,1997,1.3,70.1,1.39954
1691,EST,1998,1.3,69.7,1.38616
1692,EST,1999,1.3,70.6,1.38062
1693,EST,2000,1.4,71.0,1.39698
1694,EST,2001,1.3,70.9,1.38812
1695,EST,2002,1.4,71.4,1.37935
1696,EST,2003,1.4,71.8,1.37072
1697,EST,2004,1.5,72.4,1.36255
1698,EST,2005,1.5,72.9,1.35478
1699,EST,2006,1.6,73.1,1.34681
1700,EST,2007,1.7,73.2,1.34068
1701,EST,2008,1.7,74.2,1.33709
1702,EST,2009,1.7,75.2,1.33452
1703,EST,2010,1.7,75.9,1.33148
1704,EST,2011,1.6,76.4,1.32744
1705,EST,2012,1.6,76.5,1.3227
1706,EST,2013,1.5,77.3,1.318
1707,EST,2014,1.5,77.2,1.31582
1708,IND,1960,5.9,41.2,449.5214
1709,IND,1961,5.9,41.8,458.496
1710,IND,1962,5.9,42.4,467.8056
1711,IND,1963,5.9,43.0,477.457
1712,IND,1964,5.9,43.7,487.4641
1713,IND,1965,5.8,44.3,497.8542
1714,IND,1966,5.8,45.0,508.4673
1715,IND,1967,5.8,45.7,519.47
1716,IND,1968,5.7,46.4,530.8898
1717,IND,1969,5.6,47.0,542.7511
1718,IND,1970,5.6,47.7,555.0637
1719,IND,1971,5.5,48.4,567.6116
1720,IND,1972,5.4,49.1,580.5688
1721,IND,1973,5.4,49.8,593.9493
1722,IND,1974,5.3,50.4,607.7719
1723,IND,1975,5.2,51.1,622.0544
1724,IND,1976,5.1,51.7,636.6017
1725,IND,1977,5.0,52.3,651.5868
1726,IND,1978,5.0,52.8,666.9718
1727,IND,1979,4.9,53.4,682.699
1728,IND,1980,4.8,53.9,698.7208
1729,IND,1981,4.8,54.3,714.7706
1730,IND,1982,4.7,54.7,731.0479
1731,IND,1983,4.6,55.1,747.5671
1732,IND,1984,4.6,55.5,764.3536
1733,IND,1985,4.5,55.9,781.4219
1734,IND,1986,4.4,56.2,798.4903
1735,IND,1987,4.3,56.6,815.7924
1736,IND,1988,4.2,57.0,833.2754
1737,IND,1989,4.1,57.5,850.8645
1738,IND,1990,4.0,58.0,868.8907
1739,IND,1991,4.0,58.4,886.3487
1740,IND,1992,3.9,59.0,903.7496
1741,IND,1993,3.8,59.5,921.1076
1742,IND,1994,3.7,60.0,938.4526
1743,IND,1995,3.7,60.5,955.8044
1744,IND,1996,3.6,60.9,973.1476
1745,IND,1997,3.5,61.4,990.4601
1746,IND,1998,3.4,61.8,1007.747
1747,IND,1999,3.4,62.2,1025.015
1748,IND,2000,3.3,62.7,1042.262
1749,IND,2001,3.2,63.0,1059.501
1750,IND,2002,3.2,63.4,1076.706
1751,IND,2003,3.1,63.8,1093.787
1752,IND,2004,3.0,64.2,1110.626
1753,IND,2005,3.0,64.5,1127.144
1754,IND,2006,2.9,64.9,1143.289
1755,IND,2007,2.8,65.3,1159.095
1756,IND,2008,2.7,65.7,1174.662
1757,IND,2009,2.7,66.1,1190.138
1758,IND,2010,2.6,66.5,1205.625
1759,IND,2011,2.5,66.9,1221.156
1760,IND,2012,2.5,67.3,1236.687
1761,IND,2013,2.4,67.7,1252.14
1762,IDN,1960,5.7,48.7,88.70762
1763,IDN,1961,5.7,49.3,90.85668
1764,IDN,1962,5.6,49.9,93.08653
1765,IDN,1963,5.6,50.5,95.40449
1766,IDN,1964,5.6,51.1,97.82113
1767,IDN,1965,5.6,51.7,100.3432
1768,IDN,1966,5.6,52.3,102.9184
1769,IDN,1967,5.6,52.8,105.5884
1770,IDN,1968,5.6,53.4,108.3459
1771,IDN,1969,5.5,54.0,111.1794
1772,IDN,1970,5.5,54.6,114.0802
1773,IDN,1971,5.4,55.1,116.9891
1774,IDN,1972,5.3,55.7,119.9551
1775,IDN,1973,5.3,56.2,122.9808
1776,IDN,1974,5.2,56.7,126.0701
1777,IDN,1975,5.0,57.3,129.2241
1778,IDN,1976,4.9,57.8,132.3799
1779,IDN,1977,4.8,58.3,135.5849
1780,IDN,1978,4.7,58.7,138.8407
1781,IDN,1979,4.6,59.2,142.1493
1782,IDN,1980,4.4,59.6,145.5103
1783,IDN,1981,4.3,60.1,148.8656
1784,IDN,1982,4.2,60.5,152.2624
1785,IDN,1983,4.0,60.9,155.6807
1786,IDN,1984,3.9,61.2,159.0928
1787,IDN,1985,3.7,61.6,162.4787
1788,IDN,1986,3.6,61.9,165.7661
1789,IDN,1987,3.5,62.3,169.0188
1790,IDN,1988,3.3,62.6,172.2445
1791,IDN,1989,3.2,62.9,175.4543
1792,IDN,1990,3.1,63.3,178.6332
1793,IDN,1991,3.0,63.7,181.7863
1794,IDN,1992,2.9,64.0,184.9168
1795,IDN,1993,2.8,64.4,188.0193
1796,IDN,1994,2.8,64.7,191.0857
1797,IDN,1995,2.7,65.0,194.1126
1798,IDN,1996,2.6,65.3,197.0979
1799,IDN,1997,2.6,65.6,200.0504
1800,IDN,1998,2.5,65.9,202.9909
1801,IDN,1999,2.5,66.1,205.9468
1802,IDN,2000,2.5,66.3,208.9387
1803,IDN,2001,2.5,66.5,211.9704
1804,IDN,2002,2.5,66.7,215.0383
1805,IDN,2003,2.5,66.8,218.1456
1806,IDN,2004,2.5,67.0,221.2938
1807,IDN,2005,2.5,67.2,224.4809
1808,IDN,2006,2.5,67.4,227.7098
1809,IDN,2007,2.5,67.6,230.9728
1810,IDN,2008,2.5,67.8,234.2435
1811,IDN,2009,2.5,68.0,237.4869
1812,IDN,2010,2.5,68.2,240.6765
1813,IDN,2011,2.5,68.4,243.8016
1814,IDN,2012,2.5,68.6,246.8642
1815,IDN,2013,2.4,68.8,249.8656
1816,ISR,1971,3.9,71.8,3.0951
1817,ISR,1972,3.7,71.5,3.225
1818,ISR,1973,3.7,71.7,3.3382
1819,ISR,1974,3.7,71.7,3.4216
1820,ISR,1975,3.7,72.1,3.4932
1821,ISR,1976,3.7,73.0,3.5754
1822,ISR,1977,3.5,73.0,3.6532
1823,ISR,1978,3.3,73.3,3.7376
1824,ISR,1979,3.2,73.6,3.8363
1825,ISR,1980,3.1,73.9,3.9217
1826,ISR,1981,3.1,74.3,3.9498
1827,ISR,1982,3.1,74.2,4.0207
1828,ISR,1983,3.2,74.5,4.1061
1829,ISR,1984,3.1,74.9,4.1591
1830,ISR,1985,3.1,75.3,4.233
1831,ISR,1986,3.1,75.0,4.2988
1832,ISR,1987,3.1,75.3,4.3689
1833,ISR,1988,3.1,75.7,4.4417
1834,ISR,1989,3.0,76.4,4.5182
1835,ISR,1990,3.0,76.7,4.6602
1836,ISR,1991,2.9,76.8,4.9491
1837,ISR,1992,2.9,76.6,5.1235
1838,ISR,1993,2.9,77.2,5.2614
1839,ISR,1994,2.9,77.5,5.3993
1840,ISR,1995,2.9,77.5,5.5449
1841,ISR,1996,2.9,78.2,5.6851
1842,ISR,1997,2.9,78.1,5.8289
1843,ISR,1998,3.0,78.2,5.9707
1844,ISR,1999,2.9,78.5,6.1253
1845,ISR,2000,3.0,78.8,6.2892
1846,ISR,2001,2.9,79.3,6.439
1847,ISR,2002,2.9,79.5,6.57
1848,ISR,2003,3.0,79.7,6.6897
1849,ISR,2004,2.9,80.2,6.809
1850,ISR,2005,2.8,80.2,6.9301
1851,ISR,2006,2.9,80.6,7.0537
1852,ISR,2007,2.9,80.6,7.1801
1853,ISR,2008,3.0,81.0,7.3088
1854,ISR,2009,3.0,81.5,7.4856
1855,ISR,2010,3.0,81.7,7.6236
1856,ISR,2011,3.0,81.7,7.7658
1857,ISR,2012,3.1,81.8,7.9105
1858,ISR,2013,3.0,82.1,8.059
1859,RUS,1960,2.5,66.2,119.9057
1860,RUS,1961,2.5,66.7,121.469
1861,RUS,1962,2.4,67.1,122.9705
1862,RUS,1963,2.3,67.4,124.3766
1863,RUS,1964,2.2,67.7,125.6448
1864,RUS,1965,2.1,67.8,126.7491
1865,RUS,1966,2.1,67.9,127.6746
1866,RUS,1967,2.0,68.0,128.4414
1867,RUS,1968,2.0,68.0,129.103
1868,RUS,1969,2.0,68.0,129.7342
1869,RUS,1970,2.0,68.3,130.3918
1870,RUS,1971,2.0,68.5,131.0955
1871,RUS,1972,2.1,68.4,131.838
1872,RUS,1973,2.0,68.4,132.6161
1873,RUS,1974,2.0,68.5,133.4172
1874,RUS,1975,2.0,67.9,134.2325
1875,RUS,1976,2.0,67.6,135.0639
1876,RUS,1977,2.0,67.5,135.9192
1877,RUS,1978,1.9,67.5,136.8013
1878,RUS,1979,1.9,67.3,137.7131
1879,RUS,1980,1.9,67.2,138.6554
1880,RUS,1981,1.9,67.4,139.6195
1881,RUS,1982,2.0,67.9,140.5983
1882,RUS,1983,2.0,67.8,141.5939
1883,RUS,1984,2.1,67.3,142.6098
1884,RUS,1985,2.1,68.0,143.033
1885,RUS,1986,2.1,69.5,144.23
1886,RUS,1987,2.2,69.6,145.461
1887,RUS,1988,2.1,69.6,146.494
1888,RUS,1989,2.0,69.3,147.332
1889,RUS,1990,1.9,69.0,147.969
1890,RUS,1991,1.7,68.8,148.394
1891,RUS,1992,1.5,67.8,148.538
1892,RUS,1993,1.4,65.3,148.459
1893,RUS,1994,1.4,64.3,148.408
1894,RUS,1995,1.3,64.9,148.376
1895,RUS,1996,1.3,66.0,148.16
1896,RUS,1997,1.2,66.8,147.915
1897,RUS,1998,1.2,67.2,147.671
1898,RUS,1999,1.2,66.1,147.215
1899,RUS,2000,1.2,65.6,146.597
1900,RUS,2001,1.2,65.5,145.976
1901,RUS,2002,1.3,65.3,145.306
1902,RUS,2003,1.3,65.2,144.649
1903,RUS,2004,1.3,65.6,144.067
1904,RUS,2005,1.3,65.7,143.519
1905,RUS,2006,1.3,66.9,143.05
1906,RUS,2007,1.4,67.7,142.805
1907,RUS,2008,1.5,68.1,142.742
1908,RUS,2009,1.5,68.8,142.785
1909,RUS,2010,1.6,69.0,142.849
1910,RUS,2011,1.6,69.8,142.961
1911,RUS,2012,1.7,70.2,143.207
1912,RUS,2013,1.7,70.7,143.507
1913,SVN,1982,1.9,71.2,1.91034
1914,SVN,1983,1.8,71.0,1.92232
1915,SVN,1984,1.8,71.4,1.93215
1916,SVN,1985,1.7,71.9,1.94164
1917,SVN,1986,1.7,72.4,1.98072
1918,SVN,1987,1.6,72.4,1.98946
1919,SVN,1988,1.6,73.0,1.99999
1920,SVN,1989,1.5,73.4,1.9994
1921,SVN,1990,1.5,73.8,1.99809
1922,SVN,1991,1.4,73.5,2.00177
1923,SVN,1992,1.3,73.6,1.99583
1924,SVN,1993,1.3,73.5,1.99062
1925,SVN,1994,1.3,74.0,1.98885
1926,SVN,1995,1.3,74.7,1.9875
1927,SVN,1996,1.3,75.1,1.99117
1928,SVN,1997,1.3,75.1,1.98685
1929,SVN,1998,1.2,75.3,1.9826
1930,SVN,1999,1.2,75.7,1.98556
1931,SVN,2000,1.3,76.1,1.99027
1932,SVN,2001,1.2,76.4,1.99203
1933,SVN,2002,1.2,76.6,1.99572
1934,SVN,2003,1.2,76.4,1.99677
1935,SVN,2004,1.3,77.2,1.997
1936,SVN,2005,1.3,77.4,2.00111
1937,SVN,2006,1.3,78.3,2.00852
1938,SVN,2007,1.4,78.3,2.01941
1939,SVN,2008,1.5,79.1,2.02263
1940,SVN,2009,1.5,79.3,2.04234
1941,SVN,2010,1.6,79.8,2.04926
1942,SVN,2011,1.6,80.1,2.0525
1943,SVN,2012,1.6,80.2,2.05626
1944,SVN,2013,1.6,80.4,2.05911
1945,SVN,2014,1.6,81.2,2.06162
1946,ZAF,1991,3.5,62.4,36.199
1947,ZAF,1992,3.4,62.4,36.992
1948,ZAF,1993,3.3,62.3,37.802
1949,ZAF,1994,3.2,62.0,38.631
1950,ZAF,1995,3.1,61.5,39.477
1951,ZAF,1996,3.0,60.7,40.342
1952,ZAF,1997,3.0,59.7,41.227
1953,ZAF,1998,2.9,58.5,42.131
1954,ZAF,1999,2.9,57.2,43.054
1955,ZAF,2000,2.8,55.9,43.69
1956,ZAF,2001,2.8,54.6,44.56
1957,ZAF,2002,2.8,53.5,45.545
1958,ZAF,2003,2.7,52.6,46.127
1959,ZAF,2004,2.7,51.9,46.727
1960,ZAF,2005,2.7,51.6,47.35
1961,ZAF,2006,2.7,51.6,47.991
1962,ZAF,2007,2.6,52.0,48.658
1963,ZAF,2008,2.6,52.7,49.345
1964,ZAF,2009,2.6,53.5,50.055
1965,ZAF,2010,2.6,54.4,50.792
1966,ZAF,2011,2.6,55.3,51.554
1967,ZAF,2012,2.6,56.1,52.341
1968,ZAF,2013,2.5,56.8,53.158
1969,ZAF,2014,2.5,57.2,54.002
1970,COL,1985,3.4,67.7,30.80222
1971,COL,1986,3.3,67.9,31.44
1972,COL,1987,3.2,68.0,32.09697
1973,COL,1988,3.1,68.1,32.76711
1974,COL,1989,3.1,68.3,33.44691
1975,COL,1990,3.0,69.4,34.13002
1976,COL,1995,2.7,71.0,37.47218
1977,COL,2000,2.4,72.7,40.29556
1978,COL,2005,2.2,74.1,42.88859
1979,COL,2010,2.0,75.3,45.50959
1980,LVA,2002,1.3,70.1,2.31
1981,LVA,2003,1.3,70.5,2.288
1982,LVA,2004,1.3,70.8,2.263
1983,LVA,2005,1.4,70.6,2.239
1984,LVA,2006,1.5,70.6,2.218
1985,LVA,2007,1.5,70.8,2.2
1986,LVA,2008,1.6,72.0,2.177
1987,LVA,2009,1.5,72.6,2.142
1988,LVA,2010,1.4,73.0,2.098
1989,LVA,2011,1.3,73.7,2.06
1990,LVA,2012,1.4,73.9,2.034
